0,1,2,3,4,5,6,7,8,9,10,11,12,13,14,15,16,17,18,19,20,21,22,23,24,25,26,27,28,29,30,31,32,33,34,35,36,37,38,39,40,41,42,43,44,45,46,47,48,49
-0.579580785369873,-0.5631857137680054,-0.6089220471700032,-0.5487915809631347,-0.5461756525802612,-0.5039936850229899,-0.5449417377471925,-0.5657773096084595,-0.5053659972084893,-0.5423774535369873,-0.4659051539681175,-0.48089308274586995,-0.5041361551578228,-0.5180440056937081,-0.482868316599528,-0.4946503093719482,-0.5035451359468348,-0.5015782860438028,-0.4285740564346314,-0.4727593518829345,-0.4646597830963135,-0.40316822418212894,-0.3857785258865356,-0.4012193306732178,-0.3614409551620483,-0.3402731317901611,-0.3503813684463501,-0.306836478843689,-0.2766513826370238,-0.2603775812149048,-0.3076967280578613,-0.31820845703125,-0.27637998416900633,-0.2873104933166504,-0.29380670372009277,-0.3148074713897705,-0.37216699508666995,-0.4192248889160156,-0.4069425834655762,-0.3977118887710571,-0.4249149271011353,-0.46564089237213135,-0.50860468624115,-0.5578473896789551,-0.5878032757949829,-0.6103663909912109,-0.6563036388778686,-0.664284854927063,-0.7328761103820801,-0.734618618583679
0.5554391376495361,0.5481204208374023,0.49970479329427075,0.5391604995727539,0.5110937881469726,0.5207571453094482,0.4413601240430559,0.4006955410003662,0.3939156247668795,0.32959050231933595,0.3844860810713334,0.33946286602020265,0.30454730774806094,0.2703285895756312,0.265783971303304,0.2216242914199829,0.20343419775121346,0.1850430132971869,0.20511330595518407,0.14228813682556152,0.11156709884643555,0.09231599151611328,0.041969921112060646,-0.03215545539855948,-0.06390113471984864,-0.09167617179870605,-0.1423470509338378,-0.13677728137969972,-0.12956131359100342,-0.16178410091400136,-0.23215053985595693,-0.27781951835632324,-0.26328822231292726,-0.2963276151275634,-0.3493876549911499,-0.38614390953063965,-0.45090504974365225,-0.4961964186859131,-0.5004370697021485,-0.48996973270416255,-0.524872984046936,-0.5495636681365966,-0.5732835274505614,-0.5763216004180908,-0.5538846406936646,-0.5259166197586059,-0.5377261192703247,-0.5042163974380494,-0.517632467880249,-0.47430883556365955
-0.9108944896697998,-0.9106344743728638,-0.9655305017471314,-0.936905965423584,-0.9644116891860961,-0.9341726662953695,-0.997875380870274,-1.0275438709259033,-1.0016293447706435,-1.0329069171905518,-0.9312809034174139,-0.9274796145757038,-0.909727245726952,-0.8749457043511527,-0.8313700827916464,-0.8116011793136597,-0.7856630336312688,-0.7668804803848267,-0.6981538236216496,-0.7161517147827149,-0.6753687312316894,-0.6296454137039185,-0.6000453427124024,-0.5931799099731445,-0.552786217956543,-0.5179658144378663,-0.5235105680084228,-0.45859379318237303,-0.3651138390731812,-0.3167610988998412,-0.31398013290405274,-0.2791634739303589,-0.18779823268890372,-0.14834514324188222,-0.12821824504852294,-0.09538533645629882,-0.0947164213180542,-0.0727424528503418,-0.011154647636413571,0.0631821234512329,0.08692276988983154,0.12166805744171143,0.13113605072021473,0.12514998794555665,0.1557671919631958,0.19044807697296143,0.19065564304351806,0.21862144058227528,0.18999075843811036,0.19382752071380616
-0.5528345264434814,-0.5788566558837891,-0.6711107512156168,-0.6471380191802978,-0.6695096518707275,-0.6552304503122967,-0.7323313913072858,-0.7909318496704102,-0.7176626701143053,-0.8166874117279053,-0.7918950076016513,-0.8465844154993694,-0.9073352197940532,-0.9591816095079693,-0.9435215385437012,-0.9773980339050292,-1.0289422264323513,-1.0656842626571654,-1.0023879904194883,-1.082682084503174,-1.1461580989456177,-1.1130639790725707,-1.146908744468689,-1.2261390538787842,-1.2311931528472901,-1.2681716314697267,-1.3307979124450684,-1.3351024570083618,-1.3625780255889892,-1.358513258705139,-1.3951462864685058,-1.373422526435852,-1.299817667503357,-1.2736806059265138,-1.2206160985946655,-1.193698705368042,-1.192566193008423,-1.1749174733734131,-1.0788152015304566,-0.9884088762283325,-0.9280831454849243,-0.892491286277771,-0.8462959725952148,-0.7863557416534424,-0.7191645616912842,-0.6386559565353392,-0.5754527614212036,-0.4581884190750122,-0.4305337955856323,-0.30651090393066405
0.7500307136535644,0.7358935369491577,0.6788232252756754,0.7174719116210937,0.6917491539764404,0.7220990238189696,0.68927568056924,0.6896550046920776,0.6863625723097059,0.6580038780975341,0.7526583422227339,0.7276389951070149,0.7237618079992441,0.7378334837777274,0.7408836109670003,0.7255355314254761,0.7466199643752154,0.7550062838024564,0.7993250396728516,0.775840347518921,0.8080110480117798,0.781472963142395,0.7964774015808105,0.797000344543457,0.800491413192749,0.8281762712860108,0.7923059145355225,0.8363572410964965,0.90463625705719,0.910833936882019,0.9005043894958497,0.9022002073669434,0.987749090309143,1.0225231687164307,1.026223229370117,1.0642994713973999,1.058907223739624,1.0838549382781983,1.116665217666626,1.1829368399429323,1.176231408996582,1.1914181016540528,1.2055019883728026,1.161205650100708,1.1982590069961547,1.2268390839004515,1.2350258586502074,1.2332310252380372,1.2461452546691894,1.2247004014587402
-0.4175452301025391,-0.41215914268493653,-0.4519394148508708,-0.39456671295166007,-0.39758425720214846,-0.3485681116739908,-0.38609432146889816,-0.3894668529510498,-0.3486937325371636,-0.3675464007568359,-0.2667648512753573,-0.27483797461191806,-0.27840750007629383,-0.269326622063773,-0.23708734375,-0.2324482151031494,-0.21378728402081654,-0.19914350609249537,-0.13481818814528612,-0.15324156669616698,-0.10624069274902342,-0.059310202789306654,-0.023612245864868167,-0.010530092926025386,0.03237107089996348,0.07164397850036631,0.060671278533935544,0.10713077186584473,0.15046847454071044,0.13957423580169678,0.08875360656738282,0.06401162982940674,0.10502749652862549,0.09817932151794434,0.06943813304901122,0.055516559143066406,0.009386553115844827,-0.018232135009765626,-0.008929108505249021,0.015052132911682128,-0.015394181518554581,-0.05019909400939941,-0.09468113464355468,-0.16087577659606933,-0.18828547164916992,-0.2060327140045165,-0.23721309967041015,-0.2328319436645508,-0.24814829277038564,-0.22415933338165284
0.052508156585693355,0.0409307825088501,-0.011077579180399512,0.037099494171142576,0.029219572944641115,0.057611036554972364,0.004014091246468697,-0.01592482566833496,0.017105285072326656,-0.02835264442443848,0.04113143938237972,0.025526760292053224,0.012721817236680255,-0.0022048357009887692,0.02035413237253829,0.00042292537689209153,-0.0135115162568933,-0.02311917881435817,0.01990099261434454,-0.03632949676513672,-0.04891633930206299,-0.02636721927642821,-0.042420848236084,-0.09126609474182129,-0.09329264503479004,-0.10728742706298827,-0.15538274475097646,-0.15279048915863036,-0.16069736545562746,-0.19155973712921143,-0.2486215729522705,-0.2787417015457153,-0.2502594464492798,-0.26409541679382315,-0.28280856636047363,-0.29652776626586913,-0.335721279144287,-0.3623000387573242,-0.34314686473846434,-0.32113239101409913,-0.34789624309539796,-0.3783290938949585,-0.40811292114257813,-0.4488750971221923,-0.46823385631561276,-0.4786940758132934,-0.5182901773071289,-0.5089649607086181,-0.5542698945617676,-0.5416009379959107
-1.2906684104919433,-1.253155730819702,-1.2690563179016112,-1.1802938842773438,-1.1479877390289306,-1.05389560953776,-1.0721980814797536,-1.0873111862182616,-0.9994469384299383,-1.0240459701919555,-0.9295632335316051,-0.934515057373047,-0.954729225055988,-0.9424836320604597,-0.9132583402252197,-0.9029939315795898,-0.9022330240361831,-0.8842770252015855,-0.7989261148251985,-0.8213979631042481,-0.7752926248550415,-0.6912787211990356,-0.6427012667846679,-0.6191714127349853,-0.5533459089279175,-0.5140543988800048,-0.5099910482788086,-0.43327661907196047,-0.3576561355972291,-0.30314789623260496,-0.2915605810546875,-0.22450291675567619,-0.10170829715728757,-0.03156245201110841,0.044642004508972155,0.11041088577270508,0.13771091636657704,0.15822670768737793,0.24377612934112547,0.31899909366607665,0.3600586944580078,0.3935349576187134,0.4120202217102051,0.434205419921875,0.4772384464263915,0.5239655823898315,0.5376768007659912,0.5728567141342162,0.5688333214950562,0.6181276723861693
0.6248847946166992,0.6418585357666016,0.6136131993611653,0.6823585258483886,0.6819752286529541,0.7221028549194336,0.6851696830204556,0.6794669288635254,0.6821056464936999,0.6442130851745606,0.7222298521215266,0.7003084051767985,0.7079579290096577,0.7128605220794678,0.731364630279541,0.7131994678497314,0.7203294893825756,0.7265877108891805,0.774460399457028,0.7488379501342773,0.7846076098251343,0.803796920890808,0.8190427545928955,0.8045685971069336,0.8126109321594238,0.8203658525848389,0.7852011974334716,0.803551372871399,0.8272341675186157,0.7976015933227538,0.737463591003418,0.6912983211517334,0.6999137170791625,0.658860041732788,0.5853965689849854,0.5322442797470093,0.4443199736785889,0.3712940572357177,0.32052177307128904,0.2841539221572875,0.18701106647491456,0.10358029766082753,0.01802628910064697,-0.0947202742767334,-0.15690975891113282,-0.2092736558151245,-0.27921232509613036,-0.31784207069396975,-0.37410861003875734,-0.3420959533691406
-1.2393979526519776,-1.249912433052063,-1.319327302932739,-1.2793077812194824,-1.3014066462707519,-1.2508018002827963,-1.2793169037410195,-1.2895865234375,-1.248632965045505,-1.2694309961700438,-1.1709871496720747,-1.1774836957295733,-1.1892215609623837,-1.17229191771916,-1.1530172505950929,-1.1483644674301148,-1.137625559975119,-1.1285211843914456,-1.0630066119244228,-1.0963265420532227,-1.0294309065246583,-0.9765033342361451,-0.915573490447998,-0.8693657750701904,-0.8003740468597412,-0.7341472226715089,-0.7155976460266114,-0.6293377746200562,-0.5296349425125122,-0.4868672435379028,-0.4730329173278809,-0.4361267399597168,-0.3223168617630005,-0.26143066436767576,-0.20227290199279785,-0.1373920505142211,-0.11465773162841786,-0.07185784637451162,0.008649339714050297,0.10473145889282226,0.11489021900177002,0.13914305351257314,0.15672210083007812,0.1451138558959961,0.18746749382019043,0.2261591046142578,0.2446440029144287,0.26223008197784425,0.27156380813598635,0.3039925006866455
-0.09333204650878907,-0.13433488006591796,-0.21304894739786778,-0.19226638946533203,-0.2187908169555664,-0.18361420370737705,-0.23000734476361948,-0.24138628540039064,-0.22397334537506103,-0.2529602941131592,-0.1504663116455078,-0.15159944311777743,-0.13601369719872103,-0.10908335375104622,-0.08571292264302569,-0.0889297130584717,-0.05366825379764324,-0.029679293611314522,0.025628715786181054,0.008590106430053812,0.047899222106933696,0.07239695335388184,0.09619007095336915,0.10840570190429688,0.14647326248168946,0.1893468679046631,0.18876700187683104,0.2571949370574951,0.33316578872680663,0.353347572441101,0.33543434410095213,0.3421810712432861,0.41484074882507327,0.4411583892440796,0.4437239945602417,0.4715067505645752,0.4495030081939697,0.42651556930542,0.4318106081008911,0.4506806098937988,0.41041036251068114,0.39135546726226805,0.36918681491851807,0.31711323013305664,0.3041598077774047,0.28782938144683834,0.23220486740112306,0.19603746620178222,0.14076909469604493,0.1032984203338623
1.188630969619751,1.164006841659546,1.0970612353642781,1.1332462692260743,1.1266459574890137,1.1434575515111287,1.0905040836879185,1.0851263891220093,1.1369428890864055,1.0937226811218261,1.1638205200888894,1.1399612453460692,1.1223359562066886,0.987912562234061,0.9292629283396404,0.8191511665344239,0.7227147228016574,0.6449753605312771,0.6307208403838308,0.5233252757263184,0.43351562759399415,0.4172774434661865,0.3305420536804199,0.20170387741088866,0.138136449508667,0.06042336585998545,-0.03980014907836914,-0.09711543613433837,-0.18211801319122306,-0.26152217182159426,-0.3769482412719727,-0.44936961601257314,-0.4763371223068237,-0.4757319881439208,-0.48870970905303956,-0.5080466163635254,-0.542547444152832,-0.5705806739807129,-0.5437357943725586,-0.5188844156265259,-0.5412048575210571,-0.5729659025955199,-0.6012550058364868,-0.6230760764312744,-0.6492314791870117,-0.6596018472671509,-0.7073623817062378,-0.6742735234832764,-0.7258141736221313,-0.6960649882888794
0.30690699005126953,0.30790723476409904,0.26966734886169436,0.3250121883392334,0.31718467502593994,0.3571514738718668,0.30599369746616906,0.28514658336639404,0.28453033178117537,0.2370263883972168,0.3135646741346879,0.2821270416895548,0.2573594293447641,0.24603572630201068,0.24362100443522128,0.2161990270614624,0.20610803525588092,0.19167840061187744,0.21950410981429247,0.1715285085296631,0.17347641792297364,0.17047573482513428,0.16144516525268554,0.13148508255004882,0.127418473739624,0.13730005645751953,0.10791131301879872,0.14300750316619873,0.1914034892654418,0.18903067050933836,0.15291940979003907,0.14499598304748534,0.20801664371490478,0.22269691436767577,0.21651604221343995,0.23003005599975576,0.21540868507385244,0.2012402947998046,0.22325661392211904,0.2597142813873291,0.24013641426086416,0.23165614490509023,0.21713666267395018,0.1806711312866211,0.18866346492767333,0.18571230297088623,0.15042842716217042,0.14292054447174074,0.1152781502532959,0.11791073207855224
-0.33518641548156736,-0.3715143886566161,-0.4672056592941284,-0.45594816551208495,-0.48584929359436035,-0.4822665246963501,-0.5711045785086496,-0.6217225963592529,-0.5488913626141019,-0.5998495915985107,-0.5302430204218084,-0.5441338092168172,-0.5636872938009408,-0.6402316249847412,-0.6430561781946817,-0.6999016702651978,-0.7725797068876378,-0.8280977890438505,-0.799884019620795,-0.897744047164917,-0.9758770008468627,-0.9446177331924439,-1.0021160316467286,-1.1056229010009766,-1.1270574367523194,-1.1814972673034667,-1.248112437438965,-1.268134437904358,-1.3243861890792847,-1.3600168170547486,-1.4470339492797852,-1.4753662404251098,-1.4690941752624511,-1.4731664619827272,-1.4531549132156372,-1.4538912506866457,-1.4683885054779053,-1.4677864450836182,-1.3836973627471925,-1.3120846294784545,-1.264592843284607,-1.2434039777755737,-1.2138136812591553,-1.1556258388519285,-1.1103486324691771,-1.0504098817443848,-1.0267144858551025,-0.9155213092041015,-0.9051828860092164,-0.7762527169418335
0.5846406742095948,0.4812683948516846,0.3574926010131836,0.3357791728973389,0.28602164726257323,0.3031946798960367,0.2515394765581403,0.2546915084838867,0.252255421786838,0.21623598503112784,0.29900137346441097,0.25413554585774734,0.2376005741412823,0.21427954232352117,0.1983142902119954,0.15690024948120118,0.16098446890887083,0.14773298835754395,0.15938927922499804,0.11131293464660644,0.10483238330841065,0.07563990051269531,0.05843549285888672,0.027348777465820213,0.01630859809875488,0.01932372497558594,-0.03224487747192393,-0.023478936462402445,-0.005724901008605957,-0.04418559944152832,-0.07209230461120596,-0.07010104804992676,0.01307482833862305,0.05419411865234375,0.05177242340087891,0.08407906196594239,0.07788568313598632,0.10453714736938477,0.13465836799621583,0.19387916618347167,0.17799762138366698,0.17651793090820303,0.17850289512634276,0.13564171585083007,0.13444864883422852,0.13179348205566396,0.09268153274536134,0.09584882034301757,0.08399022247314453,0.09006501846313476
0.15206882095336915,0.16875697631835937,0.1286832787831624,0.20668993072509767,0.22373512706756582,0.3080251192728678,0.3431427697317941,0.3895081630706787,0.46622394466400147,0.4860396880340576,0.6141181591727517,0.630693239847819,0.6477890720220713,0.679385517338344,0.7048674657567342,0.7168522317886352,0.739951291106729,0.750190719350179,0.8226624898508975,0.7985513557434082,0.8503986345291137,0.8597299081802368,0.9093966929626465,0.9390672412872314,0.9825293286895752,1.027759709854126,0.9988010985183717,1.0432624327468871,1.101642388267517,1.0778515635299684,1.0354808541107179,1.0036340439605713,1.0515314323806764,1.0552516006469728,1.0240625022506715,1.0017910371398926,0.9252774400329591,0.8717792211914063,0.8416885610961915,0.8351454280471802,0.7656873107147217,0.7218259770965576,0.6723366098022461,0.5643473999023437,0.5286432052993775,0.4805021242141724,0.43185789318084716,0.35329714488983155,0.2925843262863159,0.2336570818710327
-0.1324034809112549,-0.10429982910156249,-0.1263524898529053,-0.049112917709350584,-0.03479820457458496,0.033346033604939845,0.010681849561418835,0.016533909034729004,0.0800256356769138,0.05988532112121572,0.15942540910894212,0.09982171936035156,0.05868293913327735,0.04169619609287814,0.03854349709828701,0.017942492485046382,0.012880411697836477,0.00046652257707389955,0.04491003214183606,-0.0017598168182373086,-0.0032386051940918037,0.004602912788391117,-0.008896258811950677,-0.05286865303039551,-0.05735312934875489,-0.07787324325561523,-0.14090143127441396,-0.14024935161590565,-0.14079363231658937,-0.17969232799530027,-0.25995736389160157,-0.2558963050460815,-0.19365680839538574,-0.17528350303649892,-0.16166424057006826,-0.13860583316802969,-0.13188800067901602,-0.10998816276550283,-0.04004216449737549,0.04625036693573008,0.07803082103729259,0.13185395351409912,0.17675771896362305,0.22041553176879883,0.2929442479324341,0.3720792781829834,0.42627313274383544,0.5117429222488403,0.5676478845977784,0.6691282040023804
-0.8013320755004882,-0.7888440631866455,-0.8331543471654255,-0.7654199123382568,-0.7544967286682128,-0.696242174911499,-0.7212740864345005,-0.731566361618042,-0.6631846292495728,-0.686717824935913,-0.5955034487637607,-0.597736019261678,-0.6061097572766817,-0.5985415626525878,-0.5634781701405843,-0.5599673389434814,-0.5639309560102576,-0.5660718662050035,-0.4917947386289898,-0.533651015548706,-0.5225670986175537,-0.4780294485855102,-0.458764165725708,-0.47421561592102046,-0.44523930095672604,-0.4372469794464111,-0.47752307662963867,-0.45090743717193604,-0.42763163150787364,-0.4147515102386474,-0.43801744201660153,-0.42395969223022467,-0.35210656650543204,-0.33127653240203847,-0.3012291915512085,-0.2828510210418701,-0.304167950592041,-0.3088290118408203,-0.2610465741348267,-0.20715666355133056,-0.19848455894470213,-0.18226832138061522,-0.1656707083129882,-0.16297841735839846,-0.11322442966461183,-0.05771403869628905,-0.012491567611694343,0.051536540184021096,0.07697736679077148,0.13422266357421886
-0.005474199295043947,0.013225863647460936,-0.026463021850585938,0.036522066116333005,0.03143764335632324,0.08127778193155928,0.06836415350777757,0.07375637092590331,0.10437876182132289,0.08819840625762929,0.18507510223388673,0.1750929796218872,0.1704992231955894,0.19021998642512722,0.20571807463328037,0.21943533096313478,0.24884895871106313,0.26256472254859076,0.33606562225944114,0.31400105278015134,0.35050420455932607,0.35121235275268553,0.38371808124542234,0.39386819816589347,0.4230305662918091,0.45983558753967285,0.43062847747802735,0.47802799411773683,0.5416875597000121,0.5332536459732056,0.5126236495971679,0.5093832954788208,0.5867995778274536,0.6127316714859009,0.6339277408218383,0.6596993941116334,0.6329059298324585,0.6377203590393067,0.6655635942840576,0.7216903546524047,0.7087190844726562,0.7218818976974488,0.7341147183609009,0.6881200179290772,0.7238506981277466,0.747329174194336,0.7800027478408813,0.7926786077117921,0.808288642692566,0.8243944675064088
0.3567543182373047,0.3401111194610595,0.2763337354024251,0.3045656478881836,0.27108491203308105,0.2821857433954875,0.22454506729670926,0.20414798393249511,0.2101838415145874,0.1633101385498047,0.23206840098987921,0.19312591196695958,0.16506242370605467,0.14300933312007352,0.1458266813659668,0.11278831062316894,0.12021954455656163,0.12162766420576301,0.16829760582572534,0.12879135330200195,0.1272780262374878,0.12396815105438233,0.11177425716400147,0.07491397026062012,0.07070661453247071,0.07027545677185058,0.03099946102142334,0.05236391666412354,0.07611840759277344,0.05428609813690195,0.004581211853027444,-0.016880929260253807,0.03261486427307129,0.036608377761840824,0.024232773361206057,0.027472608108520608,-0.01630646469116211,-0.03820350746154775,-0.028922870292663473,-0.00014938961029052622,-0.02769718421936035,-0.0395501749420166,-0.05036933212280273,-0.08900642219543457,-0.08609234031677246,-0.08163239612579345,-0.0855059990310668,-0.06589123443603506,-0.15233016834259033,-0.1499562133407593
0.12196662483215331,0.1719048599243164,0.17876842638651533,0.2726330657958984,0.3094865022277832,0.39392042083740225,0.4068007371629987,0.46138472328186036,0.5075624757130941,0.5050251752471924,0.612401062670621,0.5983355132420858,0.6077112690265362,0.6149236132485526,0.6327025509516399,0.6182683876037598,0.6345453008651734,0.6413892357084486,0.6746588350296021,0.6465957071685791,0.7078958991622926,0.739401923904419,0.7713312200164795,0.7798933661651611,0.8079202562713622,0.8449144665527344,0.8308521760559083,0.8480746215820313,0.8714383206939698,0.8399001837539674,0.7831269408416748,0.7461417140197752,0.7781651323699952,0.7642257076263428,0.7127531414794921,0.6940475211334227,0.6478561182403564,0.6259535749053955,0.6250445811462402,0.6451511378097534,0.597751114654541,0.5642917816925048,0.5279470674896241,0.4495008338165282,0.423866484222412,0.4005555486297607,0.3444318759155273,0.34536310958862304,0.3236366009521484,0.3163900621032715
0.6487797050476074,0.6037884902954102,0.5063273156483968,0.5020574810028076,0.4429107485961914,0.44560028928120926,0.37494423719133646,0.33980694103240966,0.3367380044937134,0.29524596145629883,0.38668290835293856,0.3726330166498819,0.3745640143614549,0.39667209562574113,0.41745341138203934,0.3813024185180664,0.3691713081359863,0.3519558165444268,0.38200061917555955,0.33391989555358886,0.3221922495651245,0.28658605731964104,0.2698758889770508,0.24022873641967774,0.23199166526794424,0.23677380294799805,0.18559654403686524,0.21035775218963623,0.248154175491333,0.2223906025314331,0.19824115257263183,0.19489213455200197,0.2662057353973388,0.2871159117126465,0.28810223957061754,0.3393403877258301,0.3485375562286377,0.3831020095062256,0.44232474655151366,0.5216706303024292,0.5382194444656372,0.576292166519165,0.6122883629608155,0.6023679084014892,0.6523138467025756,0.6983029299545288,0.7222342755889893,0.755394168510437,0.7872097640228272,0.8283379357147217
-0.5684521396636963,-0.5318101875305177,-0.5696524874369304,-0.5077824489593507,-0.5045793943023682,-0.4512654969533285,-0.4723543831416539,-0.4806260028839111,-0.40227767073313403,-0.42123877487182626,-0.325300108164007,-0.32632795543670656,-0.3410251395005447,-0.3337521832874843,-0.2922338402048747,-0.2834742446899414,-0.2842901900347541,-0.2749189703199599,-0.1920896178094964,-0.22921144340515137,-0.20935336700439455,-0.16152664421081542,-0.14077732635498047,-0.15272927383422852,-0.12104196212768553,-0.10385734703063965,-0.1341706585693359,-0.0971955774307251,-0.06944317218780519,-0.0702314211654663,-0.10309414344787599,-0.10100182289123535,-0.038852279472351064,-0.028959938888549808,-0.006774083747863757,0.002529459457397465,-0.0268632080078125,-0.04351206451416015,-0.004602307586669935,0.017313827781677255,0.0037741614151000913,-0.009169155082702635,-0.018856523208618164,-0.046188520660400384,-0.034728651809692285,-0.022423560447692864,-0.028166762390136713,-0.022113852119445804,-0.05136143959045411,-0.03381460971832265
-1.0065541675567626,-0.9953177610397339,-1.0578438437143962,-1.0104301429748535,-1.0177442108154298,-0.9809254786809285,-1.0301030278342111,-1.077795216369629,-1.0052002133687337,-1.0527054972839356,-0.9843621114557437,-0.9968940100351971,-1.031424897648738,-1.0423040849958147,-1.0025884560139973,-1.006200817489624,-1.0300689199335433,-1.0449799870173135,-0.9642193649091217,-1.0223768849182129,-1.0401550875473022,-0.9788719912338257,-0.9626503752136233,-0.9814570658111572,-0.9373272412872315,-0.921529767074585,-0.9348300359344481,-0.885926646270752,-0.8542222719192505,-0.8312384705352782,-0.8458125425720213,-0.8164518045806884,-0.7330007823181153,-0.703972649307251,-0.6463159368133546,-0.6149748974990844,-0.6203958784484863,-0.6080006460571289,-0.5270578503417969,-0.4558941157150269,-0.4150154257583618,-0.39991706623077394,-0.3840880699157715,-0.35254265357971193,-0.3028380742263794,-0.2503466752243042,-0.2185274959945679,-0.16111636306762694,-0.1612788035964966,-0.08417563823699953
0.6283138191223144,0.6435366760253907,0.6176669710795085,0.6952221630096436,0.7065326606750488,0.7498071849822998,0.7336246972220284,0.7537937408447266,0.7679222906748454,0.7381009913635254,0.8170949276317249,0.7910791672388712,0.7890966219095084,0.7776456857408797,0.7963812294006348,0.7611825429916381,0.7505334167031681,0.7647112240049574,0.8201371641962152,0.7870983528900146,0.8132369118499756,0.8225159595108033,0.824944753074646,0.7948498307800294,0.7962136469650268,0.8095780714416504,0.7799120784759521,0.800741280708313,0.8278272028350829,0.8068928805160522,0.7651322863006592,0.7372907791137695,0.7780534762573242,0.7706113898849487,0.684493694229126,0.6195294132232665,0.5288473970031738,0.43308498352050784,0.3592104723358153,0.31607789958953847,0.21092164730072022,0.1222530168914795,0.04192768093109131,-0.07752672668457031,-0.15094088836669922,-0.2251773150253296,-0.31951709815979,-0.3873351886367798,-0.48634260444641103,-0.552987851753235
0.23102044486999512,0.20428380107879637,0.13396995404561357,0.16026350708007814,0.1341406935119629,0.17183467508951816,0.13164951171875,0.1272776363372803,0.14864374279446071,0.11962284454345704,0.21196741759560317,0.19423342170715333,0.19073644307943488,0.2043421761921474,0.21842059930165605,0.21205029067993164,0.22661721393360804,0.2293357337739732,0.2685641510712473,0.23529295372009276,0.2547861111831665,0.25573507320404054,0.26277509059906007,0.2546793226623535,0.26457880115509036,0.27880163848876954,0.24670741081237793,0.28254221187591555,0.32897357120513915,0.3197985766220093,0.27918330963134763,0.2654401470184326,0.3109568013381958,0.3085821021270752,0.2828771664047241,0.2820414260482788,0.2505295216369628,0.24438444427490236,0.26975993587493896,0.3146461848068237,0.2989064135360718,0.30384603610992433,0.301510357208252,0.2731548991394043,0.2970821399307251,0.32158420040130614,0.3145626536178588,0.32428712142944327,0.3184647148895264,0.3252147452926636
-0.012013079452514647,0.0009366701126098664,-0.04247814261118564,0.008001302719116213,-0.004476305084228513,0.021138891983032225,-0.006043108694893891,-0.006258601379394532,0.017593695831298828,-0.010918107337951663,0.07889311322298917,0.07384395701090499,0.07741909590501049,0.09108803672790527,0.12116973169962558,0.10611580333709707,0.10383946803597839,0.10772136999766024,0.16243003741816464,0.12934237998962403,0.15516146434783934,0.1811921067047118,0.19210116821289064,0.1770093360900879,0.1913216800689697,0.2057964503479004,0.12674398483276367,0.10032430519103994,0.07315104084014892,0.0015188227081299882,-0.09749628257751464,-0.18764841972351073,-0.21048431854248045,-0.281464270362854,-0.359709969291687,-0.42528812686920164,-0.5203928501129151,-0.6109119298934936,-0.6700286754226685,-0.7180132848739624,-0.8179743170928955,-0.9059038899612427,-0.9890083527374267,-1.099888440322876,-1.162790770149231,-1.2207004735946656,-1.2472444494247437,-1.2492703131484986,-1.2748243301391602,-1.2742323554992676
-0.17671508979797362,-0.17849010372161866,-0.2228827479680379,-0.17421287078857423,-0.18147010292053212,-0.1460416952768961,-0.2020620672225952,-0.1694395788192749,-0.09977109118567565,-0.11148263729095459,-0.020904916971380055,-0.047853710174560554,-0.07896936887594369,-0.11780080555507108,-0.14092567779541015,-0.2016917518615723,-0.21261969016580018,-0.22481372602250838,-0.18867041463349993,-0.23805991149902345,-0.23916159812927246,-0.22073887725830077,-0.23338053398132325,-0.2752369282531738,-0.27419689933776853,-0.28137737998962403,-0.3193020087432861,-0.2899934245681763,-0.2613286616897583,-0.2563528229522705,-0.27833273010253895,-0.24945421897888181,-0.147880949897766,-0.08014955726623535,-0.018516922645568853,0.0641814380645752,0.09449750640869141,0.14625345314025878,0.24505728591918946,0.356488076133728,0.41941175174713125,0.4889838555526733,0.5592198789215088,0.6183669281005859,0.6980161045837402,0.7832035786056518,0.8358042547988892,0.905344246749878,0.9262170302963257,0.9886814201354981
0.5226328437805176,0.5538389476776122,0.5344167302449544,0.6094007091522217,0.6120274935150146,0.662007205136617,0.6487405062539237,0.6720876293182373,0.6967139639324612,0.6843170357513427,0.7828103288823908,0.7946809494654338,0.818464898109436,0.8510430053165982,0.8778114963022868,0.8781914386749268,0.9055066273408778,0.9169426493962606,0.9636314203764262,0.9367539234924317,0.9773534381866456,0.967439736289978,0.9603377532958984,0.934849462966919,0.9242377209472655,0.9285162339782715,0.873378079299927,0.884231972694397,0.9093823591995239,0.8653277188110351,0.8045883539581299,0.7450328881835937,0.7639112453842164,0.7375626401519775,0.690159839630127,0.6737259377288819,0.623290371017456,0.6050517050933838,0.6075802180099488,0.6418724786376953,0.6136756283187866,0.6243169717025756,0.6531392002868652,0.6311613405609131,0.6709918434906006,0.7055553835678101,0.7222096549606324,0.7401552798843383,0.758166044998169,0.7723268945693971
0.056844213104248045,0.06340580673217773,0.022742205810546874,0.0820984317779541,0.07755135162353516,0.13008691469828282,0.09770482747214176,0.09652903327941895,0.14011576686435268,0.11586774879455566,0.2059822014548561,0.19248648293813064,0.18637969831319956,0.18889222630092067,0.20155663998921708,0.19436530227661122,0.20248935022915107,0.20131162247127957,0.2511489178808112,0.21633533828735352,0.23330614669799804,0.24878710594177247,0.2523161032104492,0.21839896324157715,0.219801181640625,0.2074237830352783,0.1481908190536498,0.14840237964630115,0.14898903888702392,0.1061402331161499,0.025819896087646486,-0.009960599060058594,0.018089214477539063,0.002844826278686527,-0.024907864494323625,-0.04550339714050293,-0.10024374420166016,-0.14138010231018067,-0.14140837131500245,-0.12619885997772218,-0.164898092765808,-0.18590285602569578,-0.21926675331115725,-0.25762906105041494,-0.26695044677734375,-0.269062031135559,-0.2918360776901245,-0.28760447498321534,-0.30721479721069334,-0.2902159397888184
-1.9110401481628418,-1.9312197275161744,-2.008786120859782,-1.973328588104248,-1.9626838134765623,-1.8906800889968873,-1.9357790564400807,-1.97523134765625,-1.8447810062196521,-1.8655541858673095,-1.7604386413921014,-1.7465151290893557,-1.7533873712539672,-1.7367280723571776,-1.6776774505869545,-1.6469022508621216,-1.6456870495740101,-1.63624447171953,-1.5367789564233079,-1.5729875486755371,-1.5505314558792116,-1.4267776893234252,-1.3755225941848757,-1.3583151659393309,-1.2368682676315308,-1.1582670568084716,-1.1096764549255371,-0.995277377357483,-0.9130176849746705,-0.8245899946212769,-0.801641033782959,-0.7023140531158447,-0.5654002791213989,-0.4775496194458009,-0.37716029170989984,-0.31010180377960206,-0.2810634787368774,-0.23914393783569327,-0.10703270835876466,-0.012734647369384677,0.059749515953063964,0.09798653720855724,0.12462677589416504,0.17988246879577635,0.18816258193969726,0.20887930305480967,0.1978684492111206,0.24582326721191405,0.22316147796630859,0.3005448582458496
-0.1921150661468506,-0.16140881958007813,-0.19125922025044756,-0.11958388633728026,-0.12179385879516602,-0.05566320896148681,-0.04189697066715782,-0.014729232788085939,0.007032857068379786,0.018250041275024415,0.15386256488453254,0.17576704114278155,0.22737607344113858,0.31874503367287765,0.37588714747110996,0.4365208480834961,0.5264644245147705,0.5854072815365261,0.6823314117632414,0.6894117957305909,0.7929785078430176,0.7977183204269409,0.8849871926879883,0.9627697819519043,1.0287507955932618,1.12368984916687,1.1325285877227784,1.2316911221313476,1.362976886177063,1.3793124419021607,1.3834795558929442,1.3849689987945557,1.4772693061447142,1.4968964448547364,1.487657688179016,1.5093215114974976,1.4656117637252808,1.459189139480591,1.4540313145446777,1.5019998230743408,1.4687970783615107,1.4812911194229126,1.492228007888794,1.4173061996459961,1.4438572760772705,1.444385961074829,1.4406426081466674,1.377988314743042,1.368540744934082,1.3139971466064453
-0.362810786819458,-0.34513091201782226,-0.3912092267354329,-0.3480067970275878,-0.3632590804672241,-0.33075731112162265,-0.40083657305581233,-0.44873506603240965,-0.4083356785032485,-0.4676033261108399,-0.4037051373915239,-0.43685951150258384,-0.47401400382702163,-0.49607614827837254,-0.48459059460957843,-0.5048954675674439,-0.5282673630433924,-0.54749362511105,-0.5014015154888756,-0.5628298132324219,-0.5896108006286622,-0.5734759203338623,-0.6015888627624512,-0.6578758553314209,-0.6599163511276245,-0.6782520737457276,-0.7257667407226563,-0.7088854139709472,-0.7006835623168947,-0.70932937084198,-0.7609973538970947,-0.7622783557128905,-0.708348456916809,-0.70012229347229,-0.6906762582397461,-0.683545700302124,-0.7025860908126831,-0.7027295188903808,-0.6133041216278076,-0.5199601012802123,-0.4619547986221313,-0.40453619106292726,-0.3495701809692383,-0.29201540382385255,-0.2183830381011963,-0.13778840023040761,-0.08987489322662343,0.005999673156738272,0.05117439758300782,0.16494108127593984
-0.49749321632385257,-0.4820569576263427,-0.5331830119450887,-0.47566235122680667,-0.4806580568695068,-0.4384240100224813,-0.469965728868757,-0.487862876701355,-0.42476136709849044,-0.44517133956909183,-0.3492591448003596,-0.35205252685546873,-0.36571844224196215,-0.3595016476222447,-0.33126799531300866,-0.3337094371795654,-0.3384459949044619,-0.3417733805550469,-0.2706937961879529,-0.3165185443878173,-0.3115440397644043,-0.28397802112579346,-0.2655616066360473,-0.27665421363830567,-0.24481999004364013,-0.22490654747009275,-0.25321782482147215,-0.21008656215667726,-0.166494260559082,-0.16188681449890135,-0.18650195266723635,-0.1890509478378296,-0.12498627998352052,-0.11139171211242677,-0.08179488216400146,-0.05944921295166017,-0.07812177772521972,-0.07593646736145018,-0.017634973297119133,0.05347430122375488,0.07551533908843994,0.10492229179382324,0.1337356365966797,0.13783655319213858,0.18517959083557128,0.22880720905303956,0.2578324322509766,0.28580679435729983,0.27891491451263417,0.31258868896484376
-0.8741643310546875,-0.8411493162155151,-0.8531195415496825,-0.7666546955108643,-0.7437946980667114,-0.685058386294047,-0.7215566997528076,-0.7195623760223389,-0.6635895382563273,-0.6849745796585083,-0.5930081067865545,-0.5988311843236288,-0.5999760530325082,-0.6161342584065029,-0.5953612870279947,-0.6131091953277588,-0.61807009342418,-0.6285069506115383,-0.5796940556777151,-0.6236904109954834,-0.608279853515625,-0.5600328077697754,-0.5603169157409668,-0.5917005905914307,-0.5740913570785523,-0.5729075875091552,-0.5954533044815064,-0.5693359945297242,-0.5522304738235473,-0.5584953973770141,-0.6090718625640869,-0.6198689379119873,-0.5796245498657226,-0.5744370645904541,-0.5849348556518554,-0.5712740819168091,-0.5877069542694092,-0.5947187469863893,-0.5577580438232422,-0.5109868229293824,-0.5182209110641479,-0.520879341506958,-0.5309231909942627,-0.5380526021575929,-0.5332552331924438,-0.5136316455078125,-0.5249331663513184,-0.47930652023315434,-0.4957706761550904,-0.4452503255844117
0.03136583213806152,0.058237648391723636,0.02110048027038574,0.0933663444519043,0.0951833211517334,0.14190578536987294,0.1318970966884068,0.13324796752929688,0.1759826398849486,0.15305480995178222,0.23586901494806461,0.20588497111002596,0.18122439286158634,0.17834828186035157,0.1952006031545003,0.18125668048858642,0.175433570502786,0.16513597859276663,0.22981192637995665,0.183390340423584,0.1882742191696166,0.18037928451538085,0.18700653785705568,0.16383317840576173,0.16931024528503408,0.17469223663330077,0.12033565147399902,0.13247541801452636,0.1559610049057007,0.12312590724945069,0.07861353927612315,0.058783222732543945,0.11467677009582519,0.1167958663558959,0.12699297344207763,0.1415705255126953,0.1090059326171875,0.10465296051025391,0.12892233192443847,0.17610512451171864,0.16278787014007567,0.1646734164047241,0.17320865905761718,0.1448804349517822,0.18113212329864503,0.21143938541412355,0.24097847953796386,0.26112099208831785,0.2665874294662476,0.2978700751113891
-0.7343649871826172,-0.7742648483276368,-0.8677514427185059,-0.8483293445587158,-0.8775439799880982,-0.8707236676534016,-0.9494425248827254,-1.0011013484954834,-0.9482002453274196,-1.001084973678589,-0.9406886082389136,-0.9586858547210693,-0.9821504638818597,-1.008440715626308,-0.9815601220575969,-1.004099328994751,-1.0422459852779615,-1.0716082616382174,-1.0173720820878682,-1.089892938308716,-1.1420548168945313,-1.073223474082947,-1.0695484204483032,-1.1100656597900391,-1.0777265196228027,-1.0769484545135497,-1.0957803688049315,-1.0668796643447878,-1.063592456550598,-1.0587113263320922,-1.1020732110595703,-1.0978055033874512,-1.0564908239746094,-1.0636861497116088,-1.057833309402466,-1.0699983071899415,-1.1012599478149414,-1.1137489332580566,-1.0222205884552,-0.932885609931946,-0.8787677029800416,-0.8759019289398193,-0.8723660033035279,-0.8560853672027587,-0.8372930199813843,-0.8070795951080322,-0.7999311418914795,-0.7343681976318359,-0.7483923868560792,-0.6796387781524658
0.3108530342102051,0.33550425338745116,0.3165567031860352,0.40356462287902833,0.4309500439453124,0.5090417668660481,0.5231566069466728,0.5604896991729736,0.5875030533048842,0.5806581466674805,0.6930803357211026,0.6842566257476806,0.6935034300730779,0.7221728280203683,0.7417766814168295,0.7714426849365235,0.8325419280781465,0.8774064379586114,0.9589596546875803,0.9670754557800293,1.0617749770355225,1.0950234185028076,1.1647701476287842,1.214461919631958,1.2609017999267578,1.2950793658447264,1.2578989933013915,1.2961970627593995,1.3561924028778076,1.33714723072052,1.3015381336975098,1.2752939833068848,1.3351109340286256,1.343848579711914,1.3235495976638796,1.3061150316238401,1.2388333452606202,1.1942291578674316,1.1552512593841553,1.1485965507888793,1.0696642569351196,1.0260687087249756,0.9802945798110964,0.8789077111053466,0.8553899996948242,0.8526610121917724,0.8327389924240112,0.8006715847778321,0.7893524333572388,0.7376814167404174
0.343140796661377,0.3441308078765869,0.299196704228719,0.33113871269226075,0.30072352310180667,0.31537917098999024,0.2631320813860212,0.26960469818115235,0.29591362660725906,0.291622434463501,0.41395465406938037,0.43001958923339845,0.4581373095145592,0.47967856371743334,0.5153567302958171,0.5089222244262696,0.5259566233017866,0.5332807590272691,0.5678208329652484,0.5334998332214356,0.5645598141479493,0.5819919716262818,0.5889020230484009,0.5745308073425293,0.5882059725952149,0.6119425158691406,0.5923990602874756,0.6214859249496459,0.6462051358413696,0.6156140539550782,0.5511155175018311,0.5061057983398438,0.5329268363189698,0.5134337734985351,0.4547856111907958,0.42285458656311026,0.3649770957183837,0.3301610297393799,0.3192256242370605,0.3288169870376587,0.27961077392578126,0.24471835662841787,0.2096674573135376,0.14781465034484864,0.12362761260986327,0.10356132465362548,0.048038963317871095,0.03247839725494385,-0.01517071563720693,-0.03483063190460195
0.6733945308685303,0.6633562469482421,0.6023989971160889,0.6340712604522705,0.6028757873535155,0.6293515604654948,0.5935635494232178,0.5998049221038818,0.6161484932793511,0.5937397567749023,0.6882531153592196,0.6756014061609904,0.6818273488998413,0.7003150642395018,0.7287092572530111,0.7299142393112182,0.7583135619780597,0.742466827307807,0.762797264289856,0.7174833351135254,0.7315200981521607,0.7200353934860229,0.7169254048156738,0.6947992710876465,0.6951478352737427,0.7017310543060302,0.6624871009826659,0.679655683631897,0.705394178199768,0.6724542659378051,0.6132734660339356,0.5723524493408203,0.6038648287582398,0.5869135164260865,0.5409123593139648,0.49588642578125,0.4192494850158691,0.39381150497436523,0.38717841064453123,0.3953114688491821,0.335738261680603,0.29511965354919434,0.2502885256576537,0.17826252143859853,0.15350913299560548,0.12954938423156737,0.07854659320831289,0.047908328170776365,0.002934217300415039,-0.02539061870574951
-0.3894919460296631,-0.3999129749298096,-0.46521349474589024,-0.4503075687408447,-0.4966235789489745,-0.47460974998474115,-0.528746957370213,-0.5452829042434693,-0.5501211347156101,-0.5893030516052246,-0.5038025461370295,-0.5354411790847778,-0.5490941404195933,-0.5378631095613752,-0.5289308831659952,-0.5294282724380494,-0.4963718187780941,-0.47315542062123617,-0.4228777285626059,-0.44114853126525877,-0.4066826957321167,-0.4158429822540283,-0.40208011894226076,-0.3921626323699951,-0.3499870391845703,-0.29392287490844726,-0.2949903150177002,-0.22626644050598135,-0.14037729904174806,-0.1224252449798584,-0.12795088020324707,-0.1101386206817627,-0.0070618827438353494,0.04787065502166738,0.07009997257232665,0.11975470428466797,0.1260448769378662,0.15571708541870116,0.20520892776489258,0.2789892615509033,0.2919220972061157,0.3318768886947632,0.36534452407836915,0.3562302223205566,0.3866070236968994,0.41343178215026855,0.41089611278533933,0.4182338434600829,0.43081675720214846,0.4413473946762085
0.7474316604614257,0.7137841159820557,0.6434854371388754,0.6624161991119385,0.621056434135437,0.622005214881897,0.5550930632999965,0.5359812507629395,0.5376457193586561,0.48884822776794434,0.5248779607252642,0.4489831320444743,0.39165760213411766,0.3336998795100621,0.30133244525909425,0.2386941104888916,0.19614987902921788,0.14583015208774144,0.1418253437945717,0.05780390472412109,-0.005082896118163961,-0.03921077423095694,-0.08247435806274414,-0.1530603698730469,-0.18532934020996095,-0.21176865104675283,-0.27964894145965574,-0.291741455078125,-0.30256442226409913,-0.3543292675018311,-0.41117743659973144,-0.4357437870025634,-0.3843695771408081,-0.3752746279144287,-0.3868926555252075,-0.38122614353179923,-0.4053591660308838,-0.4004987342834473,-0.36470299224853514,-0.30570947399139403,-0.3067781588363647,-0.32533308910369874,-0.3309941516494751,-0.3700598700714111,-0.3699763554763794,-0.36703491886138917,-0.3896937004470825,-0.374254076461792,-0.3987730389404297,-0.3954875560379028
-0.33504783058166504,-0.3867985485076904,-0.48581862735748294,-0.48349102172851566,-0.5182845153808594,-0.49170294214884447,-0.5531959621429444,-0.5758163278579712,-0.5205772563510471,-0.549647840538025,-0.4557789325714112,-0.4640624129613241,-0.4922338614977323,-0.5054504933221,-0.4846967615000407,-0.49401972312927245,-0.49740097609127276,-0.4963398127873738,-0.44598715119612853,-0.4867366981506348,-0.4839293993377686,-0.4351048630905152,-0.42544487037658696,-0.43590148422241204,-0.3991116312408447,-0.3794197018432618,-0.3904923704147339,-0.34568762809753417,-0.3174529033660889,-0.31134189281463615,-0.3476855308532715,-0.3370464193725586,-0.2565656235122681,-0.22290309230804445,-0.2039912546157837,-0.18399022815704347,-0.19066466751098632,-0.18437309730529786,-0.12508584693908692,-0.06782762630462646,-0.05388242767333984,-0.04271473690032959,-0.03984598342895508,-0.04856431640625,-0.04233459812164306,-0.02561890781402587,-0.052600092658996594,-0.02910739528656006,-0.057436881103515636,-0.02606445343017577
0.3463805595397949,0.323940368270874,0.26947497278849286,0.31352440376281737,0.2963167185211182,0.3338892397562662,0.30582937594822474,0.318654439163208,0.3129236292521159,0.2869851652526855,0.378672065041282,0.3504306082407633,0.3487449633671687,0.35225309688023154,0.3927727265167236,0.40600060386657716,0.45650139375574444,0.4864393294864231,0.5427661294937134,0.5330998122406005,0.5913234452819823,0.5967061499023438,0.6310285822677613,0.6467096891021729,0.6695032363128662,0.7147497173309326,0.6910715232849121,0.7309848025512695,0.7881225738143921,0.7702828217697143,0.7322531581115722,0.7065435066223145,0.7642769965362549,0.7748698307800292,0.7219196223449706,0.7016922829437255,0.641725743560791,0.6118873503875732,0.5879524517059326,0.5989443854904175,0.5365027231597901,0.5067472687530518,0.48182314361572254,0.40727026359558105,0.400373263092041,0.3870261633300781,0.36035738372802734,0.34312709030151367,0.31891142784118653,0.29243838439941405
0.317766690826416,0.31479929885864255,0.27280193125406893,0.31497505569458006,0.2918767780303955,0.3134870930353801,0.25612557013375414,0.24282600402832033,0.23843696149190263,0.20217561698913564,0.29259599567760114,0.27182242698669434,0.275797975730896,0.28625484954289027,0.30305392831166583,0.2920005043029785,0.31256201201046213,0.32293321348826093,0.3486551266218486,0.3121449793243408,0.3335829041290283,0.32699395008087156,0.32297793087005605,0.3019192559814453,0.30198602836608884,0.31759588302612307,0.2910442022705078,0.3301241979980469,0.39023549396514895,0.38880408779144277,0.35408549407958984,0.3333673557281494,0.37937007236480713,0.37381882484436035,0.3305362963104248,0.31388569931030275,0.26340179153442383,0.23290590660095206,0.23321627990722654,0.257954846534729,0.21859355812072753,0.20173383190155028,0.18097263679504394,0.12790947540283204,0.11648901214599611,0.10221663318634033,0.06649462783813466,0.05658929534912109,0.020447431259155175,0.003926169319152732
-0.39950921936035155,-0.3461598093032837,-0.35570151933034255,-0.27780846061706543,-0.2722842510223389,-0.23474013322194415,-0.2877219683510916,-0.3135632810592651,-0.26913298240237765,-0.3141659643936157,-0.24416213704889467,-0.269921885617574,-0.2978471173946674,-0.33041385350908553,-0.3173747104136149,-0.347465726852417,-0.3774038572199205,-0.3984328334596422,-0.3470032398725811,-0.406101356048584,-0.4172732065582274,-0.3860479467773438,-0.40207822509765623,-0.45423461761474615,-0.4542998077392578,-0.465945848236084,-0.5096233198165894,-0.4948157782363891,-0.4889518040847778,-0.4977071070480348,-0.5412283679199219,-0.5453011131668091,-0.49220857364654536,-0.4807841651153564,-0.4675564390945435,-0.45985938800811765,-0.48050283878326416,-0.4844722674942016,-0.4358347197723388,-0.3832145428848267,-0.3751259965515137,-0.3449458836364745,-0.30849713806152335,-0.2755904140472412,-0.21103091915130606,-0.13469900417327882,-0.08342271865844728,0.014828400306701656,0.05544468215942383,0.162331221961975
0.6525774490356445,0.6299850187301635,0.5812394016265868,0.6366138946533203,0.6445755882263183,0.7049374863306682,0.6909060035705566,0.7217906337738037,0.766511125500997,0.7542156780242919,0.8465278897025368,0.8248531799316406,0.8144009916452261,0.7996578692299979,0.8037104991277059,0.7473849880218506,0.71975628193126,0.6896290298038059,0.6931182221563239,0.6278949375915527,0.6155868939971924,0.6056414125442504,0.5744268412399293,0.5135995497894287,0.48192729217529295,0.4450817163085937,0.37067334510803224,0.344536635017395,0.31596369888305664,0.2501114587020874,0.1566220327758788,0.0991225050354004,0.11025646747589102,0.07897647850036611,0.016758033142089745,-0.006270487213134765,-0.056230661010742186,-0.08553899406433105,-0.08071199142456055,-0.060295648956298825,-0.09949912410736084,-0.12719389240264892,-0.16172390949249257,-0.20924597969055175,-0.2265721601486205,-0.2693870733642578,-0.34951704666137695,-0.38155279327392577,-0.4489255683517455,-0.47745429653167726
0.5179824672698974,0.48133887634277334,0.411229483795166,0.43804051666259763,0.4066694864273071,0.40331370391845706,0.3242446999413627,0.2891311376571655,0.2781698042551676,0.2201138996887207,0.28534053518121894,0.24416926256815585,0.21948824505439168,0.18614403506687707,0.1822126439793904,0.14525907287597656,0.1315565844591926,0.1122735815895928,0.13808859106365,0.08632519607543936,0.06848888568878164,0.055381054191589354,0.02770643981933594,-0.02561732597351074,-0.04604281730651856,-0.05807155540466309,-0.07922107246398925,-0.041117597694396976,-0.0007016112899780255,0.000750859603881833,-0.026205910568237303,-0.0253493253326416,0.04532274250030517,0.0765948910522461,0.08090819664001465,0.09457204460144043,0.07962471687316884,0.08665553726196289,0.1200306598663329,0.1726637194442749,0.16253649074554444,0.16476938587188722,0.16896192630767823,0.15139588180541982,0.17248627880096434,0.1971387105178832,0.16110579975128173,0.16188534152984618,0.12606475227355957,0.12237224876403809
-0.21330855560302736,-0.1996420249938965,-0.24928305899302167,-0.19452413330078117,-0.18800495445251464,-0.12770807545979812,-0.15121174872262133,-0.1620225072860718,-0.11017686436971025,-0.14770656982421865,-0.0744317019375888,-0.1051718761444092,-0.13975572590461138,-0.1529925421578543,-0.13798158995310467,-0.1497086910247803,-0.1626080122555003,-0.1691273022757636,-0.10877794421346565,-0.15364091033935545,-0.1482548080062866,-0.13363201580047607,-0.1333587504196167,-0.15991710357666006,-0.14710352493286133,-0.14535968475341798,-0.19030675521850587,-0.16553087135314942,-0.1394645550918579,-0.14449649272918702,-0.1726890715789794,-0.16438700817108154,-0.09249200229644775,-0.07268131267547606,-0.05356602375030517,-0.0385344845199585,-0.060950522384643546,-0.06534225227355947,-0.019594328651428225,0.03145460121154796,0.03936084419250488,0.0694933417892456,0.09934195137023935,0.1029255206298828,0.14544926071166991,0.18609568901062012,0.20250952362060537,0.23275763305664063,0.22656412643432616,0.2592578797149657
0.32454873619079594,0.2896402450561524,0.2099290252685547,0.24016769332885743,0.2082008415222168,0.22127257385253907,0.16755066626412524,0.1441999408721924,0.16104383822547058,0.10474727828979492,0.1533143488103693,0.10147227261861172,0.060493255864656904,0.03417962997981483,0.028726797103881832,-0.009396511077880865,-0.035482240071016136,-0.07036157347361241,-0.03566863722550237,-0.10428573593139648,-0.14944714683532706,-0.16622730281829834,-0.1891616896057129,-0.24335034370422365,-0.2543010157775879,-0.2715375604248046,-0.33084536071777343,-0.32656644077301017,-0.31875425842285154,-0.3440786329650879,-0.3918197233581543,-0.40848643005371094,-0.36176225715637206,-0.368344967956543,-0.37640838943481436,-0.3810245309829712,-0.4230883220291138,-0.44020560760498056,-0.4238615744781494,-0.383816665725708,-0.40846031059265125,-0.37538031803131106,-0.33921103469848635,-0.32466773628234863,-0.26865747509002685,-0.21463385334014895,-0.1788880888748169,-0.12696243167877197,-0.11126070220947265,-0.06161182041168212
-0.5462678363800049,-0.5170790922164916,-0.5626719748179118,-0.508703653717041,-0.5226118074798584,-0.48047610092163084,-0.5084173006602696,-0.520310376739502,-0.48081068829430473,-0.5090055837249756,-0.41971698910106314,-0.42845152511596674,-0.43703560321514423,-0.4172142256600516,-0.38612789815266924,-0.3763428279876709,-0.3614067483340992,-0.35161873834398055,-0.2651314183285362,-0.2806235885620117,-0.2392445687866211,-0.2034056898880005,-0.16222713336944578,-0.14349875076293944,-0.09580690353393553,-0.05339869720458984,-0.06338789142608642,-0.003930056419372455,0.06462021438598643,0.08147168354034423,0.06262931816101075,0.06909032932281484,0.1435170908355713,0.16302484176635743,0.18222600063323963,0.20296779232025147,0.18004169105529777,0.17858551933288563,0.20398689060211173,0.24424832374572752,0.22918528759002676,0.22984279159545898,0.22453347148895264,0.17964556686401367,0.18867042568206777,0.19357845729827872,0.18560774951934805,0.17538392879486084,0.15132972995758048,0.15265605800628662
-0.43132597503662107,-0.4118313694000244,-0.44072132746378573,-0.3746071731567383,-0.36961637821197507,-0.3196072117487589,-0.3768071362359183,-0.40852690734863284,-0.3634933503680759,-0.41590468002319336,-0.3547980090401389,-0.3903698700586955,-0.4263511660502507,-0.45124009791782926,-0.43786367776234947,-0.4555919462203979,-0.47223862300199626,-0.4931199947781033,-0.4517610071985345,-0.5109266899108886,-0.532820697517395,-0.5080451662063599,-0.530729183731079,-0.584825249633789,-0.5823164509582519,-0.6026475061798096,-0.6461635329437256,-0.628724305152893,-0.5972114432144164,-0.5815069915771484,-0.6162717784881592,-0.5959881079101562,-0.5253019777297974,-0.49966802566528323,-0.4822180654525756,-0.46898435821533213,-0.48040024154663086,-0.4751998707962036,-0.4051761295700073,-0.3231584282684326,-0.2828463010787964,-0.24707374996185305,-0.22426262420654297,-0.19049704681396484,-0.15101409465789795,-0.10251885990142823,-0.08565625148773193,-0.018949372024536143,-0.02937689674377432,0.03337245098114014
0.31956534271240233,0.31512277774810793,0.27514353764851884,0.3400406749725342,0.3477360632324219,0.39552669696807863,0.366901547731672,0.37336024780273436,0.40312253462473546,0.3735568217086792,0.45799285375421694,0.4362214973449707,0.4255228672027588,0.4155067590168544,0.43455571695963535,0.41100211029052736,0.40392794002084165,0.39030804750654435,0.42409605000144557,0.36744177810668943,0.3630245979690552,0.3634387891769409,0.345115238609314,0.2935437846374512,0.2716597871017456,0.24865731048583983,0.18316227966308593,0.1746727908706665,0.1689033706665039,0.12562177639007568,0.05680349563598633,0.01597114845275869,0.04449896327972412,0.027739812698364258,-0.003798455085754396,-0.021488935623168844,-0.0658315145111084,-0.08484852256774902,-0.0680254974746704,-0.03748621559143066,-0.06527824970245362,-0.08105304054260254,-0.09493067817687989,-0.1324586344909668,-0.12827523082733155,-0.11862255462646484,-0.1351080950164795,-0.12040060165405272,-0.14715399669647217,-0.138596150932312
0.4610457523345947,0.4504198196411133,0.4001089964548747,0.43363760147094726,0.40410647186279297,0.4268530113855998,0.3740150653294155,0.37163896865844726,0.3764328492058648,0.34359448081970206,0.42599456121271295,0.39277490933736164,0.3779026245850783,0.36397703876495363,0.3582835270182292,0.3240756687164307,0.3220534452326157,0.3085837523778279,0.32299908202321903,0.27384737731933595,0.2894506168365478,0.2813826887130737,0.2739772488784789,0.24606255630493154,0.24157817276000976,0.24515295509338378,0.2048627741241455,0.2192901774597168,0.23972179866790772,0.20471434745788575,0.1411394440460205,0.10739399078369141,0.14786256454467772,0.1457209782409668,0.12146565589904784,0.12638299392700195,0.10341678726196288,0.11042088340759276,0.14492970161437987,0.20967477489471437,0.19429584129333485,0.20689032890319825,0.21865106231689452,0.2028712764739989,0.23387038543701172,0.27097861083984365,0.278305276184082,0.32443252990722654,0.35092778076171866,0.3961669464874268
0.9816980319976807,1.0229333419799804,1.0213658353169757,1.1121725936889648,1.1233226014709472,1.1877123476664224,1.19927964957101,1.2346619609832763,1.2239577171749538,1.2177773995971681,1.3300192643599076,1.3106736811319983,1.3298299636840822,1.3648892281123568,1.3672642262268064,1.3630202014923096,1.407023645176607,1.4193919820573595,1.479310663675007,1.481487177429199,1.5694585245513917,1.537659165802002,1.5890912997436524,1.6271314528656007,1.6446896315765376,1.704319549484253,1.6752203044891358,1.731277546081543,1.8210680716323853,1.7945995086669921,1.759615650024414,1.7006968238830567,1.73874605758667,1.7272249019622805,1.6741972354888914,1.6730432852935793,1.6157064389801026,1.600257233581543,1.5504221212768556,1.549806601409912,1.4628974641418455,1.4256584534454346,1.3958734893798828,1.2731980068206785,1.2530428828430176,1.2083490531158447,1.1527968299865723,1.0572048797607423,1.018020188140869,0.9301795385742188
-0.5196988128662109,-0.5335162584304809,-0.6113478644053142,-0.5871566822052001,-0.6265977376556396,-0.6016979540506999,-0.6544399218695505,-0.688841796875,-0.6656653887642754,-0.7111014643096925,-0.6389332880193538,-0.6601893507639568,-0.6802893362632164,-0.6685083144324165,-0.6455805856068929,-0.6380408908843994,-0.6264445455887738,-0.6191409157223171,-0.5506919603749325,-0.5821062924957275,-0.5758654634094238,-0.5666829006576538,-0.5600716709518433,-0.5782542147827149,-0.5625403131866455,-0.5569763816070556,-0.597156255722046,-0.5674515986251831,-0.5271726692199706,-0.5300806924438477,-0.5659413525390625,-0.5686592497634887,-0.5049041413116455,-0.493689309501648,-0.4829989194107056,-0.4696908684158325,-0.497972361984253,-0.5030431315231324,-0.4593411296844483,-0.40194771144866936,-0.3924158834838867,-0.36780919204711904,-0.3431250956344605,-0.3317457159423827,-0.26660819141387937,-0.21513841011047363,-0.17938626575469968,-0.13980767456054688,-0.12400188163757325,-0.08227574165344237
-0.2033104316711426,-0.23022036819458008,-0.3134425581614176,-0.300038175201416,-0.3280785429382324,-0.30241764704386387,-0.3570306366784232,-0.37476419754028323,-0.33042009713914655,-0.3615430374145507,-0.2733230212471702,-0.285856498336792,-0.29783668099916893,-0.29707142595563607,-0.265798324839274,-0.2713670063018799,-0.27403469159743366,-0.2753851098802354,-0.22018695617475004,-0.2661882671356201,-0.270049340133667,-0.2460931712722778,-0.2500052158355713,-0.27980137481689443,-0.27041676239013673,-0.26690732765197744,-0.30369147327423096,-0.2796206708908081,-0.26226804386138913,-0.2739897824859619,-0.32285531898498526,-0.3399688426208496,-0.2966935409927368,-0.28661050872802735,-0.2835802066421509,-0.2780653098297119,-0.30169360076904295,-0.3049761117172241,-0.2597264165496826,-0.20496186206817618,-0.19212600532531737,-0.1820615633773804,-0.17434251373291015,-0.17413210235595702,-0.13235835834503173,-0.09713413696289053,-0.09559039402008057,-0.06324059951782227,-0.07752094856262207,-0.0028026813888549773
-0.8386519401550293,-0.8135509531021119,-0.8303537813822429,-0.7498979610443115,-0.729919800567627,-0.6576785488128661,-0.6816424347196307,-0.683407597541809,-0.6325061132642957,-0.6534372468566895,-0.5572945966893976,-0.5630656330744426,-0.5703863696318406,-0.5597896872929164,-0.5367351340230306,-0.5380281951904297,-0.5314566627839032,-0.5242637815899319,-0.4686980286648399,-0.48300722846984867,-0.4340435959625244,-0.37859055927276614,-0.3488467512512206,-0.34559580619812014,-0.3092593844985962,-0.28389697158813476,-0.29176162574768066,-0.23571637489318836,-0.17591197971343991,-0.1528633296585083,-0.16631253204345692,-0.14210502727508545,-0.052885479393005363,-0.038877256317138564,-0.04155198268890381,-0.03903647109985342,-0.07142576637268067,-0.09042257263183594,-0.06550020881652832,-0.0505684315109253,-0.07839433116912842,-0.09088603633880615,-0.10642070312499999,-0.12285763824462892,-0.08600679904937744,-0.04947691978454591,-0.04945329669952393,-0.02089086418151856,-0.022061391601562494,0.017442421913146974
1.0767954566955567,1.0702394966125488,1.0168913881937662,1.0559047985076904,1.0422023777008058,1.0740403268178305,1.0313286155973163,1.0353888980865478,0.9068270529005262,0.745274780960083,0.7228506107677113,0.6054062054951986,0.5212603565949661,0.44687323011670793,0.40105790298461913,0.33264246711730955,0.2902240625493666,0.2437679416020711,0.24752952963176525,0.1722535075378418,0.10707736389160157,0.03888288326263438,-0.03764381740570068,-0.1438313503265381,-0.21572587524414052,-0.24007127784729004,-0.3106199466705322,-0.3197000980758667,-0.25735471614837646,-0.23647861301422118,-0.24212306983947754,-0.2159318317413329,-0.12226848575592042,-0.07113967208862304,-0.042140954551696676,0.008326585845947266,0.030476576080322268,0.08321636734008789,0.17122776947021484,0.2859370082092285,0.3360262659072875,0.4036863951873779,0.484875192337036,0.5361779286956787,0.6275221660614014,0.6761339346313477,0.6908059619522094,0.7389704713058471,0.7496443894195557,0.7936024722671509
-0.2112074932098389,-0.19378414344787598,-0.2331271556854248,-0.15726322593688963,-0.14495863204956055,-0.08850097096761064,-0.1030453438895089,-0.09388129348754884,-0.01266228839026548,-0.034050107078552244,0.040941937047784996,0.017592448806762695,-0.009874161104055479,-0.009760656847272564,0.015301474838256834,0.01452421855926514,0.01113603697384112,0.0022001604080201242,0.06155413394727212,0.014767779846191403,0.00941468158721924,0.03754054039001464,0.0382269987487793,0.0031254604339599618,0.02090224304199219,0.012524175491333112,-0.031031269378662102,-0.017758795013427725,-0.01916521495819093,-0.043052337608337404,-0.09970324821472168,-0.107093429107666,-0.06488867504119872,-0.07914829689025879,-0.09215906215667724,-0.11870779815673818,-0.17799372821807863,-0.21352527824401857,-0.1869622988128662,-0.1474776417922974,-0.15382769870758045,-0.14766468463897703,-0.15840779624938955,-0.17115797744750977,-0.1688232598876953,-0.16513020095825193,-0.18167333335876462,-0.1791718380737305,-0.21411978698730466,-0.19348050220489493
0.11272980537414551,0.09374219284057617,0.021728818257649708,0.043352315521240234,0.0192779972076416,0.05085690275828047,0.0016491979871477852,-0.010283885574340818,0.038474648814731185,0.013867017135620116,0.10987548425847826,0.09521033986409502,0.08848722937657273,0.08428802811758854,0.09930567878723144,0.08654030570983877,0.08186888160705566,0.07550851467980277,0.11740245642411076,0.06942014640808106,0.07043211818695068,0.08760184627532959,0.08313051322937022,0.05458658905029297,0.06534289535522461,0.06766858169555665,0.02027684898376465,0.03244625919342051,0.03178848461151133,-0.003053751106262201,-0.06947855339050293,-0.09494133308410645,-0.05339944774627685,-0.05457108444213868,-0.07357654178619386,-0.08539288158416747,-0.11177922454833975,-0.11884707508087158,-0.07746107391357422,-0.02597828876495352,-0.02293345653533936,-0.020293435859680173,-0.014976945648193365,-0.027885899734497066,-0.010099991798400876,0.016394234123229982,0.014641278877258301,0.05570866729736328,0.05808009265899648,0.09900793750762929
-0.31975772247314455,-0.31239066524505615,-0.3651718306859334,-0.3195449882507324,-0.3380751927947997,-0.2991383062998454,-0.33172736533028735,-0.3364397766113281,-0.2952436384624905,-0.31737623321533204,-0.22185591430664064,-0.234079691696167,-0.24341212370945858,-0.23158270154680521,-0.2117484692764282,-0.21579714546203604,-0.2134642304364372,-0.21521623528798417,-0.15630311550341147,-0.1884919126892089,-0.1656388248825073,-0.15075993610382082,-0.12876499057769775,-0.13260323844909658,-0.10587518161773682,-0.0739696644592285,-0.0952144214630126,-0.05021657146453856,0.002208813209533686,0.0008494237899780294,-0.026846113433837887,-0.03500281311035146,0.024414678726196293,0.030990823974609373,0.03198001613616944,0.04376889549255371,0.0147467537689209,0.008505044708251953,0.03619083724975586,0.0752895496749878,0.056906435890197754,0.054181696128845214,0.051484738159179685,0.01381330940246582,0.028717140541076762,0.034344098472595216,0.015232914047241211,0.0028863703155517645,-0.024222934989929196,-0.030603975906372066
0.8144871604919434,0.8197350845336915,0.7932793796539307,0.8552550262451172,0.8517919961547852,0.8957671504974365,0.8688487479073661,0.8770562866210937,0.8546951918284099,0.8160595632171631,0.8985026353662664,0.8560081130981446,0.8701817876962514,0.887395446395874,0.890821165517171,0.8687031658172607,0.8869123786701876,0.8830486609564887,0.8968605836366352,0.855372347946167,0.8783112214279175,0.833389868850708,0.8286681997680665,0.8112218724060059,0.7952613613891601,0.8087798915100098,0.7595710487365723,0.8001472590637206,0.8689134773635864,0.8625273522949218,0.8432304553985596,0.8380297402191162,0.9076467248535156,0.9349953300476074,0.9220804168701172,0.9559701582336426,0.9527823701477052,0.9857296550750732,1.0201981562042237,1.0904860964965821,1.0818596953582764,1.1039652503967283,1.1249102393341064,1.0820034391784668,1.1102830101013184,1.1282213018798828,1.0623048990631103,0.9829076992797852,0.9105256195831298,0.8171737194824219
-0.6829449714660645,-0.6739305114746094,-0.6949314098358155,-0.6184142375946045,-0.602232476272583,-0.5034212595621744,-0.47848018068586085,-0.4498424751281739,-0.3915373378117879,-0.3880924772644043,-0.2696366290352561,-0.2658085349400838,-0.26332704739203816,-0.22101203913007467,-0.17161800710042313,-0.12733050785064698,-0.07409884849997123,-0.0358741579055786,0.050940017569692506,0.053849239501953125,0.14214339218139638,0.18153687816619862,0.261246597213745,0.32975183731079094,0.40173333179473875,0.4747587410736084,0.4766090539932251,0.5606149874877928,0.6764464501571655,0.7112802692031861,0.7226126935577393,0.7537665798568726,0.8699363508224487,0.9330494395828246,0.9612163532638549,1.0094481059646605,1.0030991595458985,1.0231057746124266,1.0684629376220705,1.1307983395004273,1.1341177413940429,1.1664243682861328,1.1880621296310425,1.1261972843933106,1.1378406910324097,1.1332905936813356,1.1134679784393309,1.0647993241119384,1.035611749572754,0.9951271081924439
-0.080269291305542,-0.07706754989624023,-0.12821326478322342,-0.07743466377258301,-0.09012188758850098,-0.06637637081146242,-0.12233072357177735,-0.15019216651916503,-0.11343770561218253,-0.1569995704650879,-0.08364803199768067,-0.1004694435755411,-0.11535310476743252,-0.11992913638523645,-0.11606538749694822,-0.151121657371521,-0.1806496811810661,-0.20563699143727615,-0.1634480659083316,-0.22387175422668448,-0.2428347667312622,-0.2209541904067993,-0.23119150814056394,-0.2735388695526123,-0.26709188819885255,-0.27330422637939444,-0.31090826431274415,-0.2963669729232788,-0.2889372112274169,-0.3037950883865356,-0.3523174787902832,-0.36699771980285645,-0.3247093314743042,-0.3322622452545166,-0.31901609004974363,-0.31126979808807376,-0.3355455365753174,-0.3477530171966553,-0.313844880065918,-0.25932809761047365,-0.26024137550354004,-0.26683004207611083,-0.2816956075286865,-0.30522513366699217,-0.3027757165145873,-0.29270180061340334,-0.30477940685272215,-0.273239635925293,-0.2906057731628418,-0.24839493640899657
-0.2637126583099365,-0.2524482789993286,-0.28950364538828527,-0.22997160530090333,-0.2318004693222046,-0.1915973247528076,-0.23083043068477088,-0.23823354358673093,-0.19521375022464327,-0.22671208770751955,-0.14705920770818537,-0.16422400709788,-0.1821442747996403,-0.20570298576354978,-0.1894320680999756,-0.21322367553710936,-0.2299474479899687,-0.2446269043604532,-0.20449723043943707,-0.26414430755615237,-0.2742153511428833,-0.25544039951324454,-0.27378834411621095,-0.3154278784942627,-0.312376424369812,-0.32028094680786134,-0.3604479063034057,-0.35367850261688233,-0.3578267702484131,-0.3896715849304199,-0.45607461975097663,-0.4957387145233155,-0.4756616609191895,-0.49910623237609864,-0.5349603854751587,-0.5740861268997193,-0.643553025932312,-0.69632071269989,-0.7005819364929199,-0.6980985627365113,-0.7431283179473878,-0.7908288201522827,-0.843574614982605,-0.9117060334014893,-0.9218920100784301,-0.9203941422271726,-0.9441439891052246,-0.9216306261444092,-0.9470465084457398,-0.9131696108627319
0.4538115631103516,0.4682254022598267,0.43889913482666015,0.4981227897644043,0.4911506438446045,0.5234685095469156,0.45569205992562434,0.40956736183166503,0.37561413680182565,0.2845037410736084,0.3166082744945179,0.2365918984731038,0.17496300995166478,0.1312418756757463,0.10286665184020996,0.10669946784973144,0.13196939716339112,0.14876503522660994,0.20059951865547573,0.17825030120849608,0.19888230800628662,0.19745689086914062,0.19523987266540527,0.17377617584228516,0.17397510063171387,0.18541719093322753,0.1557807578277588,0.1999212998199463,0.26248836162567135,0.27867013858795164,0.27179517181396484,0.29558173309326163,0.39530905963897706,0.44816487495422364,0.46762021244049073,0.47041892059326174,0.44285216102600106,0.4402041757965088,0.4669751261138916,0.5132235411834717,0.501359470024109,0.5078804515838623,0.5140964762115479,0.4912061336517334,0.5174995695114135,0.5449813047409058,0.5395821347045898,0.5597449040222169,0.56433047706604,0.590347204246521
-0.43717697639465336,-0.4663439447402955,-0.5365957167943319,-0.5123801063537597,-0.5429748915481568,-0.5157980050404867,-0.5593833995001657,-0.5654994815826416,-0.5225853798548381,-0.5438215800476074,-0.44534138356989084,-0.4547322416941325,-0.4570747205440815,-0.447289092690604,-0.4235759288152059,-0.42824061031341554,-0.41826739098043997,-0.41646498427920875,-0.3633368119490773,-0.3985997926330566,-0.38191839191436766,-0.3579640571594239,-0.3429308407592773,-0.34882289176940917,-0.3180289379119872,-0.2903610265350342,-0.30874945301055906,-0.264115177001953,-0.2184678228378295,-0.2174930598068237,-0.2516613998413086,-0.22507761993408204,-0.13403290458679198,-0.09276443782806396,-0.06662502052307129,-0.03149732471466064,-0.03091535995483398,-0.010135689811706542,0.04955248756408681,0.1239898327255248,0.14019660041809082,0.16880961162567137,0.19301224048614501,0.19640549575805663,0.23562889560699463,0.2763449843597411,0.29038980991363517,0.33132909324646,0.3449956369018555,0.3940963165283202
0.10086944541931153,0.10604933242797851,0.06510028864542636,0.1259055435180664,0.12618821933746338,0.1633535264333089,0.1251338095801217,0.11713962974548339,0.15286642540825734,0.11499356201171874,0.18941961975097654,0.1672460654576619,0.1084929180878859,0.056310171127319335,0.04754854456583662,-0.001962089538574213,-0.03908207766588988,-0.06833083875444196,-0.03603025887137962,-0.10091686836242675,-0.12509747581481934,-0.12246389942169189,-0.15142971267700195,-0.21361825714111327,-0.24394193199157704,-0.2810144551849365,-0.3528005167388916,-0.37057991870880125,-0.39265765449523926,-0.4405201565933228,-0.5173937618255615,-0.5660200136566162,-0.5263060421371459,-0.5328969271850585,-0.5457377318954467,-0.5571575106048583,-0.5983147747802735,-0.6262332289123536,-0.6102681647109984,-0.5834747472763062,-0.6036154198455811,-0.6192777856063844,-0.6299677838897705,-0.6534560980987548,-0.6295801147079467,-0.594741247138977,-0.5811718501663208,-0.528230998802185,-0.5250604302215576,-0.4718336426162719
-0.4178190979003906,-0.43396164932250975,-0.4963601725260417,-0.4551870483398437,-0.47484549804687504,-0.44809198074340817,-0.49612655568804054,-0.5107760948181153,-0.4822498397403293,-0.5207600076675415,-0.44898447581204504,-0.4722580443700154,-0.48888678471491887,-0.49171478892735077,-0.4603851471710205,-0.45999467506408687,-0.4439042538250194,-0.4225621405071682,-0.3440735337909899,-0.35272919616699216,-0.3068346815490723,-0.23913256183624265,-0.19829215053558352,-0.19025952339172364,-0.16614737133026114,-0.15173403350830078,-0.16917954055786133,-0.1350998645401001,-0.10527830516815184,-0.10638899799346924,-0.1394328045654297,-0.14272775413513183,-0.08613531345367431,-0.08096751888275147,-0.09159498409271241,-0.12872491981506348,-0.1957889910888672,-0.25177055671691895,-0.27018668083190917,-0.2860534730911255,-0.35443371631622306,-0.4166308385848999,-0.4837034653091431,-0.5578362651062012,-0.5814711764907837,-0.584501234512329,-0.6141275240707398,-0.6067557218933105,-0.6368023053359985,-0.6145041316986084
0.30627995262145996,0.3049200174331665,0.24205336672465,0.26633728179931637,0.2255260678100586,0.2431683503468831,0.19041771098545618,0.16924366340637206,0.17400930226643876,0.13913645347595205,0.23241956891146573,0.2627594758987427,0.2951189524283776,0.34214632165091374,0.38079667683919266,0.39313233280181886,0.42414435763639563,0.44519322355058455,0.507848397375408,0.4927176063537598,0.5408456883239745,0.5539552840805053,0.59134734375,0.6183237560272217,0.6619075511169433,0.7196847815704346,0.7205891056060791,0.7966932313919067,0.8871341151046753,0.9076099801254273,0.9013203475189208,0.8814940812683106,0.9424334524154663,0.9551014474868774,0.9494651293563843,0.968924224319458,0.9495970023727417,0.9334870992279053,0.9407899767303467,0.9692238377761841,0.9360392620086669,0.9256115071105958,0.90945841506958,0.8447472921752931,0.8442709593582153,0.8368973007583618,0.8034205694961548,0.7672106882476807,0.7340216578674317,0.7065497858810424
0.5640347438812255,0.5470767768859863,0.4954757456461588,0.5394054790496826,0.5163728672790527,0.5152307353973389,0.4443859214510236,0.41876623916625977,0.4236905731201171,0.3714020384216309,0.4342844937758012,0.39731329708099367,0.37680439891815176,0.3616448645183018,0.38451861735026044,0.3587703868865967,0.3504717941171982,0.33948074896070696,0.37828396283199917,0.32633867988586424,0.3128191760253906,0.3166915250778197,0.29174532020568844,0.23258385597229003,0.21876633262634276,0.20880457130432128,0.1637704727935791,0.1706333493041992,0.17034630458831787,0.13900818691253652,0.08017209259033194,0.04836995346069336,0.07658610851287831,0.05103176025390625,0.011195643539428712,-0.01728158046722412,-0.06726128181457519,-0.09562066040039062,-0.08550466651916504,-0.05633685894012441,-0.08553712306976319,-0.1070762226486206,-0.1472157133102417,-0.20554152488708496,-0.23444460735321043,-0.2573265191268921,-0.3050875189208984,-0.3092251625061035,-0.3625388402938843,-0.36802287113189697
0.9004822765350342,0.8815788124084473,0.8334446301778158,0.8821112075805664,0.8667852799987793,0.8872310715993246,0.8452476330348423,0.8510085021972656,0.8458458903842502,0.8085428955078126,0.887475523445823,0.8477042423884074,0.8370137434886052,0.8203670711517334,0.8208968833287557,0.7804032035827637,0.778224014416863,0.7643564182705349,0.7875799618269268,0.738191400604248,0.7359065293502808,0.7000899913406372,0.668876290512085,0.6082688041687011,0.5677647022247314,0.5493662586975098,0.4811054040527344,0.47492673904418947,0.48118138347625733,0.43252799461364744,0.36794888763427736,0.3234809191131592,0.35740757118225097,0.3455946984863281,0.3056210510253906,0.30013035217285156,0.2667423098754882,0.26598835769653323,0.27773388893127443,0.32725087993621826,0.30820644172668454,0.31887362907409667,0.3443546925354003,0.3268350202941894,0.3638939888000488,0.3954951552581787,0.39661146560668936,0.41803944068908694,0.41288259643554676,0.41977495697021483
0.13851756629943848,0.12104006423950185,0.062224021911621095,0.101890242767334,0.09328171855926513,0.111369821802775,0.03878150100708018,0.009604799842834473,0.04988931492699525,0.002675072402954101,0.07453245114413176,0.050942148717244534,0.05024691015390251,0.03392905951908664,0.0689056803894043,0.04662135238647461,0.020969700689876795,-0.0028120364930894204,0.028087708945023465,-0.043705675430297755,-0.07512833255767823,-0.043245069313049306,-0.07822705718994141,-0.15646407096862794,-0.17383222549438476,-0.2085228591918945,-0.2646959258270264,-0.2756059156036377,-0.31019432216644277,-0.35144072841644275,-0.43812969032287596,-0.4782568934631348,-0.4808187736129761,-0.5243422519302369,-0.5771935174179077,-0.627009850654602,-0.6870757016754151,-0.7248275033187866,-0.6983561479568482,-0.6657592282867432,-0.6737591896438598,-0.6893379160690307,-0.6927041371917725,-0.6854022666931152,-0.6704388639450073,-0.6363344817733764,-0.6367774328231812,-0.5586041312408446,-0.5614057871246338,-0.4827271812438966
-0.3318868335723877,-0.3183785936355591,-0.3689983980178833,-0.3234376117706299,-0.3389168754196167,-0.29283036492665604,-0.3233065142222813,-0.33942472915649413,-0.31573703827328153,-0.34798752040863035,-0.2554411419261585,-0.2780091280619303,-0.29144160525982193,-0.2711666147777012,-0.2632584721374512,-0.25995363998413085,-0.24439553918277518,-0.24168116050296362,-0.1753519161927073,-0.20395149391174316,-0.17894950408935545,-0.1877146272659302,-0.16171689857482902,-0.14922599349975585,-0.12127810253143312,-0.08429196617126464,-0.12215304443359376,-0.07103507011413573,-0.0013872407913207985,-0.005360559997558592,-0.03095963188171387,-0.03412455139160156,0.044407415161132814,0.07053760818481446,0.08943350624084473,0.12418967361450185,0.10551349182128907,0.11931903774261475,0.15934674697875978,0.22252961196899412,0.2191147790145874,0.2381695637512207,0.26131938224792484,0.30553760177612305,0.42184464969635,0.5251010319519043,0.6160772223281861,0.6846487109375,0.7629583005905152,0.8338046951293946
0.05061295967102051,0.05571859092712402,0.006701934178670314,0.05927729606628418,0.04711215557098389,0.07962197443644199,0.049957860456194124,0.044075183868408106,0.05825886999766025,0.025226033210754294,0.1086879641099409,0.08313003374735507,0.07033818262540371,0.072866680254255,0.08891021458943682,0.07159586715698242,0.06708714350532088,0.05450509480370423,0.1335018070923654,0.1156048705291748,0.14794146049499513,0.1567476238632201,0.18605030136108397,0.19342865600585937,0.22289161346435546,0.2630718504333496,0.24179025245666494,0.29467406673431396,0.36336330135345457,0.3716291482925415,0.3617054993438721,0.3468552749633789,0.4094925132369994,0.42160168319702146,0.4257625564956665,0.4485818574905395,0.4356428633880614,0.4653696933364868,0.48499279502868653,0.5318113314437867,0.511161810836792,0.5005556782531738,0.49260438468933104,0.4295263402557372,0.43342143352508544,0.4304753841018677,0.4165538591003418,0.3935811075973511,0.36041942554473877,0.33392053234100333
-0.5725675392150879,-0.5246934848785401,-0.5396992856343586,-0.44988464927673333,-0.424305479812622,-0.33222706953684483,-0.32370744465419216,-0.3097085159301758,-0.23014049250284824,-0.23567582641601553,-0.12685062033913352,-0.11747840156555167,-0.05626080006819506,0.031519535718645394,0.12858357028961193,0.19268263988494871,0.251212844691557,0.3090567561679416,0.4170962838323493,0.3398431209564209,0.35544018127441407,0.37426723827362063,0.380731749420166,0.3687650814056397,0.3853456587982177,0.386522327041626,0.3438239927673339,0.36473183841705326,0.3919151198577881,0.3769466212081909,0.32683584182739256,0.3023188809967041,0.29848379474639897,0.2333445063018799,0.16495342353820802,0.09359933712005625,-0.018778323822021478,-0.11735853630065918,-0.16254019004821768,-0.12233369083404538,-0.11135039882659911,-0.09063428913116445,-0.0847435023498535,-0.0917079963684082,-0.056598452148437506,-0.023225310516357428,-0.015678971023559557,-0.005926217956542967,-0.01759606712341308,0.008036317405700683
-1.4135476863861085,-1.3789249273300173,-1.421887823232015,-1.3670444511413575,-1.3762800469970704,-1.3110542417526245,-1.343927526473999,-1.3812363334655762,-1.3197137642330594,-1.3544398067474366,-1.26938103055087,-1.2847403445561725,-1.3142661316651565,-1.2909876595905847,-1.2749978215281168,-1.258523530769348,-1.2521379760854383,-1.2436614626354643,-1.1540649677376997,-1.1923515041351318,-1.1783701270294185,-1.1607642412185668,-1.1378529701232911,-1.1316748399353027,-1.0960280149078367,-1.0766924822235107,-1.1155863611602783,-1.0656567683410645,-1.0038047510147095,-0.9910852111434936,-1.0113827088928222,-0.9891228704071044,-0.8978934071350098,-0.8623851875305175,-0.8094353314590454,-0.7182938635635376,-0.6800879454040528,-0.6221900476837158,-0.5084816653060913,-0.37487510967254634,-0.28190818538665774,-0.1768602031326294,-0.08410406799316406,-0.01320853309631348,0.10689942882537842,0.2184230715560912,0.3138092853927612,0.3900377754592895,0.4631395278930664,0.5599194350814818
0.272028373336792,0.27986429595947265,0.24299220530192062,0.30354568328857423,0.28667664447784424,0.3152417113622029,0.2729867952891758,0.25847061710357666,0.2641336706373426,0.2305118755340576,0.3180861312866211,0.29560795396169026,0.302484633563115,0.3267829665047781,0.34764018112182615,0.34990772190093994,0.37431607635722436,0.3830435595406426,0.44251867940802325,0.41811990325927734,0.4506206630325316,0.4443626092147826,0.4649011339569092,0.46314150215148925,0.4797049976348876,0.5087064305114746,0.4760311951446533,0.5218047007369995,0.5850435314559937,0.5799345256423949,0.5588976362609863,0.5566102404785156,0.626244128074646,0.6467075246047973,0.6498977689361572,0.6763737990951538,0.6592312558746338,0.673921287765503,0.709665252609253,0.7750644318008423,0.7709099829864503,0.7947566833877564,0.8206189246368407,0.7908822714233399,0.825911438179016,0.853848214302063,0.8679749745559693,0.873083080253601,0.8734354624176024,0.8726280156326295
-0.6936217834472657,-0.726182107925415,-0.8172880047480264,-0.7919644855499268,-0.7960587993240356,-0.7735299070994062,-0.8642537106922694,-0.9423705547332764,-0.8623646495183312,-0.9411823733520508,-0.9023118172038684,-0.9426147914250691,-0.9957480244416457,-1.0602404020581928,-1.0283541749191285,-0.9851048793792725,-0.9852497617945952,-0.9719220528284711,-0.858368558070534,-0.9132180107879639,-0.9389775920104981,-0.8243334702682494,-0.8246872426605223,-0.8894121379089355,-0.8663414130020142,-0.8958014772796632,-0.9388476040267943,-0.9353307097244261,-0.9757511536026,-0.9764888665390017,-1.0385738053131104,-1.033131923789978,-1.0051361487579347,-1.0290081214141844,-1.0308359395217896,-1.1385999989318847,-1.2665455519866944,-1.3837692313766479,-1.4048181469726562,-1.4464947459411621,-1.501283886756897,-1.6040926983642578,-1.684282039718628,-1.7264014316558838,-1.7851780255508425,-1.820341594734192,-1.8806730521011352,-1.8501009516906737,-1.941369274520874,-1.8953903659820557
0.8274817405700684,0.8540612262725831,0.8331841967264811,0.9045672901153565,0.9130066094970705,0.9701269561767578,0.9443145848955428,0.9458756763458251,0.9522693138970268,0.9169598108673096,0.9610884402188389,0.9055196570078531,0.8753102274674636,0.862207279750279,0.8541229857889812,0.8252867616653442,0.822614723295324,0.8086767887751262,0.8295143636703491,0.7788063179779053,0.7762046632003784,0.7361029442596436,0.7032721557617188,0.6455523264312745,0.6047178296661377,0.5752411783599853,0.49960515571594233,0.4953130728149414,0.5065690253829955,0.4590213125228882,0.40899805610656736,0.378524620513916,0.4207982991409301,0.41569040161132814,0.3963536491775513,0.4007550771331787,0.3673552988433838,0.35669413711547854,0.36836577491760253,0.40434121196746825,0.38009441352844237,0.3845860438156128,0.3900834958267212,0.3604676011657715,0.3802171068572998,0.3908425761413574,0.3670691505432129,0.352507709274292,0.3251880980682373,0.3064382796096802
-1.4534397365570069,-1.3778992805480956,-1.38458704439799,-1.270787186431885,-1.2297079844665528,-1.1223061125437421,-1.0847539990016393,-1.0541467821121215,-0.9398738502290513,-0.9100058216094973,-0.7679557525287976,-0.726243252881368,-0.7013247966913077,-0.6355905204227993,-0.5771778276316326,-0.49279907093048103,-0.4443585382461548,-0.4230093391418457,-0.3119889359825536,-0.31755847770690926,-0.22511338397979735,-0.14925811069488526,-0.051109890289306625,0.017003014373779296,0.10893630844116212,0.18484725952148437,0.18277341320037843,0.26005939960479735,0.34474683544158935,0.3569917310714722,0.3439875588226318,0.3554227016448974,0.43599748638153074,0.45629025787353517,0.4910545093154907,0.4873112380218506,0.43128858604431153,0.41300271728515625,0.43731000671386716,0.4507641064453125,0.4181225239944458,0.40762165695190433,0.4194519441604614,0.3680642935943602,0.3893843392562866,0.4025981541442871,0.4268702529525757,0.4091774948501587,0.4049106408691405,0.41926792526245105
-0.14468449211120604,-0.1615365198135376,-0.22360816351572665,-0.19048114585876463,-0.20667946617126465,-0.18708125750223797,-0.2562933846609933,-0.2880925144195556,-0.26065039556291364,-0.3161644871520996,-0.2499908417788419,-0.27890458920796707,-0.30203022435995247,-0.3242894566127232,-0.2962734748331705,-0.3224879024505615,-0.3404267805884866,-0.3487190527809991,-0.3013371862210725,-0.3546355327606201,-0.3659712533187866,-0.33148653617858886,-0.34597952072143556,-0.3919385403442382,-0.3873124868774414,-0.38983867378234854,-0.4205537508392334,-0.39887430644989014,-0.38843695514678955,-0.3908516107940674,-0.42952481300353995,-0.45712706329345704,-0.43406328792572013,-0.4576164878082275,-0.4917828741073609,-0.5180210032653809,-0.564075686340332,-0.5919833700561523,-0.5667460932159424,-0.5369141621017456,-0.548907660446167,-0.5633791062545777,-0.5689116199111939,-0.5778692494201659,-0.5645934982681274,-0.5407172367858887,-0.5535694026565552,-0.5082437283325195,-0.5246299250411987,-0.47356141536712637
0.8301933261871338,0.8377014629364015,0.8031675796508789,0.8690580894470215,0.8732618405151367,0.9171137116750082,0.885638030569894,0.888109616279602,0.9026585930930244,0.8613112770843505,0.9325454532970081,0.8991937430063883,0.8844347814559937,0.8700513377053397,0.8701154011535644,0.8374848281860352,0.826050833567451,0.8072101975758871,0.8378934109135677,0.7916840000915528,0.7940301214981079,0.7918698480606079,0.7851926954269409,0.7299398765563965,0.7068400664138794,0.6838381345367432,0.6173381973266602,0.611463445854187,0.6103077586746216,0.5650322902297974,0.4931705110168457,0.449479481124878,0.46991692028045656,0.4465655559539795,0.4040258268737792,0.3804633423233032,0.32661267379760744,0.2944243257141113,0.28989847427368165,0.3046716846847534,0.25194925617218017,0.2163261484527587,0.17844252464294433,0.12852411186218263,0.11501244766235351,0.10194733535766602,0.06399258640289307,0.05610511611938476,0.01744193214416514,0.029293768615722755
1.1287927722930908,1.1614056648254394,1.140865147908529,1.211929920578003,1.2071517677307129,1.2553723618825274,1.2387324456623623,1.2424401943206786,1.2292265964931912,1.1991343354797364,1.2908390988436613,1.2163925679524743,1.1750091151310849,1.1629033345086233,1.1395033215077717,1.1101196537017821,1.1215620827843162,1.1163460469351874,1.1542505189494083,1.1242274025726318,1.152814072418213,1.1007692567443847,1.106375124053955,1.0978280713653565,1.0865301669692993,1.1042624980926514,1.0482251368713378,1.0747892444610596,1.1310373275375367,1.0921833545303345,1.0435601062774658,1.0278192464447022,1.1040315117263795,1.1282542245483398,1.122638344268799,1.1504816065597534,1.1222206008911133,1.1268345043945311,1.1305442045593261,1.1715996249008178,1.1361200066375734,1.1387465936660766,1.1456721211242675,1.0779115754699706,1.099396495513916,1.1057214178085326,1.102070543136597,1.0715258897399902,1.0681341049957276,1.0402122512817384
-0.23391670455932617,-0.24299471092224123,-0.2982142798741658,-0.25449268798828123,-0.2735289519119263,-0.24458609867095937,-0.29306119482857834,-0.30415364761352537,-0.2749554977205064,-0.30757189212799074,-0.18234443678422402,-0.1616352088928223,-0.14264817516620334,-0.12004393114362447,-0.08035192838033037,-0.08311833858489989,-0.07378736062891339,-0.0633949170854356,-0.012405008406388113,-0.04271879699707021,-0.015216732978820799,0.03278136020660401,0.06220068054199219,0.06769753715515127,0.10547442832946777,0.13611810104370106,0.12644095993041993,0.15702465129852294,0.18889446838378898,0.18676844661712647,0.12798558326721193,0.10007661376953116,0.13469525707244873,0.12587713859558095,0.10377711505889892,0.09259128978729238,0.05581073509216308,0.03354136123657217,0.05577932723999023,0.08854919334411611,0.06730804416656484,0.05886548027038574,0.03386708709716797,-0.0008909291076660136,-0.0005741943740844718,0.005875849380493167,-0.01589146087646484,0.012057878837585446,0.006308775138855083,0.03880688632965088
0.1962422477722168,0.2188539970397949,0.19037991180419922,0.25770236663818347,0.249533158340454,0.26800067481994616,0.21164773390633715,0.19371999683380126,0.20182542718251542,0.14798016105651846,0.21959715902155094,0.20324423834482822,0.17688713923234203,0.14059459847041533,0.1603529040145873,0.12239224605560303,0.10369722548092111,0.09194369867112898,0.14152678587060222,0.09005955368041993,0.0868112784576416,0.12467674198150634,0.11011168479919424,0.056086512451171876,0.05341595287323008,0.043476648330688476,0.005206171989440921,0.012643085174560642,0.019364963417053224,0.005531480293273924,-0.04467856002807617,-0.06844633312225341,-0.02517827976226797,-0.025855431594848627,-0.03178114948272705,-0.03764108413696289,-0.06793914894104004,-0.12586368270874013,-0.1413902180480957,-0.14618319652557363,-0.2022368577194214,-0.2625187774276733,-0.31312175659179686,-0.3692863348388672,-0.4002975845718384,-0.41915477405548096,-0.4663335503005982,-0.4564852322387696,-0.5123477967453003,-0.5027164388275147
0.1878103244781494,0.1989502882003784,0.1596744101206461,0.22131035232543944,0.2128730637741089,0.2481711865107218,0.2104048207419259,0.19329157752990722,0.20508697384728322,0.15707522102355959,0.22788708863691845,0.20064305203755695,0.19443092350592978,0.19054865188598633,0.19284420552571613,0.1558434862136841,0.1463126729516422,0.13528140180375836,0.18285143643429397,0.134199375,0.12500837799072265,0.10698209140777588,0.08681066612243662,0.037621680603027445,0.020076223068237406,0.005593636245727646,-0.05235499691009521,-0.040973077850341794,-0.01744764770507802,-0.0368007719039917,-0.07855397796630849,-0.09953281585693359,-0.05701371994018556,-0.057320026779174804,-0.05477342540740966,-0.03548546566009521,-0.06284637092590332,-0.06741248558044434,-0.040630634384155276,0.008573400878906345,0.006081956825256349,0.024479208984375,0.040572426834106445,0.019582218704223633,0.04491568782806397,0.06587830219268799,0.06404357551574696,0.07519905868530263,0.06036372142791738,0.07173186176300039
0.07782669868469239,0.09095318069458008,0.04675358002980557,0.1134011947631836,0.11551648902893066,0.1698017054239908,0.16144303913116453,0.1598011754989624,0.18882563822004525,0.1545231852722168,0.22840571257851333,0.19819464931488037,0.1706360851141122,0.16845451589311872,0.1737824627685547,0.15533840217590333,0.14809352219525504,0.13673653664059107,0.19562168804971786,0.15597696662902832,0.16542160953521728,0.15634837886810304,0.1721691519165039,0.16573235176086426,0.18279262908935545,0.20414984977722167,0.1649788306427002,0.2028565026473998,0.25722145252227785,0.25090820644378664,0.23196648971557618,0.23196407276153563,0.31021162792205803,0.33666215385437004,0.36625099491119384,0.405066746673584,0.3940620405578613,0.40862574184417727,0.4466362970733643,0.5042513592147827,0.4975432056427002,0.5126585426712036,0.5262789045715333,0.48668580810546874,0.5133940113449096,0.5292922829055785,0.550796964111328,0.5542592211914062,0.5563137131500243,0.5707256181335448
0.1541919548034668,0.14212988624572753,0.08434424959818515,0.11512586975097656,0.08961462692260742,0.11658040116628007,0.054818857710701996,-0.007246235656738282,-0.03206957596672903,-0.10539795570373535,-0.049450274207375244,-0.09770179316202793,-0.12654430382068332,-0.13368913029261992,-0.12771128143310537,-0.14323896293640137,-0.14106290020662196,-0.14356023112403013,-0.0782998237308703,-0.09275100387573243,-0.06621952281951904,-0.05145016807556152,-0.040581510238647464,-0.04591099998474121,-0.024109473800659073,0.005967621841430765,-0.007207151374816794,0.0600618310546875,0.13154680309295655,0.15083059524536133,0.14062701972961428,0.15672932563781738,0.24280023376464843,0.28020865737915035,0.2934365117263794,0.32545423454284667,0.3197248313140869,0.33022622146606445,0.3391051382827758,0.36214243076324465,0.3302351544570923,0.313103042678833,0.2953428978729248,0.2495712899017334,0.24595120914459218,0.24086407161712647,0.2017745862197875,0.19110840419769287,0.16493091556549072,0.16440438632965076
-0.015868083190917967,-0.015433059883117675,-0.06815063546498613,-0.02384537506103515,-0.03689477310180664,0.005852329126993849,-0.03174474547249924,-0.04503288898468018,-0.013086308670043942,-0.048213281478881834,0.031812896069613364,0.0026378577550252996,-0.03034092329465421,-0.04355242524828229,-0.041507716217041024,-0.06313779544830322,-0.07406313722273883,-0.08464011014302569,-0.04049299858494804,-0.08568307945251466,-0.08489198577880849,-0.0827347430038452,-0.08595390777587891,-0.10867083976745606,-0.10194267429351805,-0.09690889831542968,-0.139005894126892,-0.1128103935623169,-0.07995463596343994,-0.08991821071624756,-0.1263692315673828,-0.13012198455810547,-0.058005669746398925,-0.03263963768005371,-0.0005907683181761714,0.04008589748382568,0.04417959915161143,0.06979744720458984,0.13372282997131346,0.20792283039093018,0.2277631086730957,0.2569659077835083,0.2763606476593018,0.26452498138427727,0.29562697467803956,0.3222078687286377,0.3206530939865112,0.3311845324707031,0.31911916790008543,0.31203939727783203
0.25696725959777833,0.2548027603149414,0.21562727152506503,0.267540629196167,0.2623606908416748,0.30535636266072586,0.2655169063568115,0.262126420211792,0.2776402026494344,0.25096180526733397,0.34368378982543946,0.3261465311686198,0.32140413633493276,0.3234521157945905,0.34718828311920163,0.33532976818084714,0.3456428695005529,0.3544423722373115,0.3936735459879825,0.3603235256958008,0.38714363956451414,0.4062372741317749,0.4073780167388916,0.3875130277252197,0.39552191703796385,0.4110121287536621,0.38932620536804197,0.42637132946014394,0.46881040534973134,0.46189505748748777,0.4229788494873047,0.39491166610717776,0.43326777194976807,0.4224464754486084,0.38297503692626955,0.3670197728729248,0.32901809539794924,0.3113433914947509,0.32249563411712645,0.34155930431365966,0.30220275451660156,0.2729609845352173,0.23877154605865478,0.180504946975708,0.1561488477706909,0.13162829914093016,0.06615826541900635,0.03801615505218506,-0.016621287422180178,-0.038874120674133206
0.21105274848937988,0.22684280319213868,0.19166054064432772,0.24361190338134767,0.23419387691497792,0.27313053855895997,0.22258534856523784,0.20892034568786622,0.23174658817715113,0.19268389419555665,0.2689424679842862,0.23787758515675858,0.21658629377805264,0.20321712215968535,0.20540252265930176,0.1834544237136841,0.17929674781350524,0.17158141545189748,0.20370369736520869,0.1564279544067383,0.15750477600097657,0.16100954738616943,0.14593978660583495,0.1041923388671875,0.09960806655883789,0.09077387145996094,0.042425175399780274,0.049880237579345704,0.05506072822570811,0.01846301120758067,-0.052841636352539065,-0.08682123283386231,-0.05695054264068604,-0.07327911308288573,-0.11040507877349853,-0.13091361274719238,-0.17993934684753418,-0.19265143104553223,-0.1621812498474121,-0.11748318264007568,-0.1281706747817993,-0.12372695278167725,-0.11801109924316405,-0.12690070137023926,-0.10389888507843018,-0.07559832447052,-0.07587467037200928,-0.03080512702941894,-0.013335520858764646,0.04536675365447998
-0.49353099365234376,-0.5010648216247559,-0.5609955930074056,-0.5141095783233642,-0.5168072142791749,-0.4790616099039714,-0.5199445900235856,-0.5264599878311157,-0.4621851584752401,-0.4978708743286132,-0.42609766061956234,-0.44609998086293545,-0.4709801004116352,-0.5045142153876168,-0.48747312566121415,-0.5210898075103759,-0.5603565729253432,-0.5936060766220093,-0.5578987172879671,-0.6350597164916991,-0.67347833694458,-0.650347156639099,-0.6886337703323363,-0.7803309297943116,-0.8104814852523804,-0.8659148636627197,-0.9443765585708619,-0.9796053116226195,-1.0324173443222047,-1.0870235098648071,-1.1812660964202881,-1.2318332051086425,-1.2299471080398559,-1.2704252285385134,-1.2772266687393188,-1.2909136554718017,-1.3243907482910156,-1.3431440504455567,-1.3002103440475463,-1.2564973528671264,-1.250815570716858,-1.2559070707321167,-1.2551484879302979,-1.2366815856170654,-1.2107573861694336,-1.1721218118286132,-1.1606084014892577,-1.0896154345703124,-1.094858262901306,-1.0200754288101197
-1.4723196170806885,-1.4814366931915284,-1.5578803195317585,-1.5254672035217285,-1.5512205941009523,-1.5047785954793298,-1.5350321793147494,-1.5531581174850464,-1.497248345565796,-1.5225065901947024,-1.422722036708485,-1.4185891123453775,-1.4154315133608304,-1.370656398173741,-1.3193316583633423,-1.2819829458236693,-1.2419274841532986,-1.2014290758132935,-1.0540003621051186,-1.0098401081085204,-0.8989706484222411,-0.7828195325088501,-0.658626086845398,-0.5496329262542724,-0.4103810006713867,-0.28232915603637687,-0.20762185386657717,-0.05691072708129882,0.10183163059234619,0.2063294849014281,0.27106675910949707,0.36229060928344725,0.5132652310562134,0.6056684105300904,0.6993935914230346,0.7906578080749511,0.8382341785049439,0.8682844587707519,0.9031168869018555,0.939129789237976,0.9226239906692505,0.914294122390747,0.8869409796142578,0.8381464239501952,0.8387357078170776,0.8366910088729858,0.8171945014190674,0.794441548614502,0.7645558052062988,0.7634670711898803
-1.1630749458312988,-1.0997500255584718,-1.1045813341140747,-1.0198974029541015,-0.9981241740417481,-0.9285037508646647,-0.9580287632533482,-0.9745008590698243,-0.9108382725821602,-0.9376528120803833,-0.8317173101598565,-0.8286002876917522,-0.8239257962593663,-0.7857889396395003,-0.7321900971730548,-0.7292473146438598,-0.7225393268360811,-0.7143519028769599,-0.6300719568252563,-0.6553107148742676,-0.603692038192749,-0.5360502793502808,-0.47901381187438963,-0.4374097087860107,-0.3576885014724731,-0.2789449858093261,-0.2538201484298706,-0.1438399263763428,-0.030102528419494623,0.06031078144073497,0.11400574012756337,0.2024763134765625,0.3574061599731445,0.45703179374694824,0.5590756867599487,0.6786215679931641,0.7547448007202149,0.8504920907974244,0.9924691030883789,1.138790379295349,1.2297837643814087,1.319306593055725,1.3970633308029174,1.441919146347046,1.5274774508666993,1.6031429518127442,1.6494815668487548,1.6988863621902466,1.7225864753723144,1.758069097862244
-0.017517782974243168,0.0014006444931030232,-0.035217696126302045,0.022907405853271487,0.028781167602539064,0.09301336860656738,0.07663873786926259,0.07543758659362793,0.12388150359259703,0.10177286750793457,0.20054044217196368,0.18738150641123447,0.1738017772527841,0.1587912097930908,0.15068357852935782,0.13049362144470214,0.12548006434721104,0.11762504132588701,0.16390305868449964,0.1215551170349121,0.12849606353759754,0.1296487925338744,0.13694712131500233,0.13253186111450194,0.14780545433044423,0.1588194740295409,0.11763377765655517,0.15231636352539052,0.19516733295440675,0.18991125942230225,0.15903509910583485,0.16695903011322022,0.2516465702056885,0.3085761611557007,0.35594232944488524,0.41385296531677246,0.43262209255218503,0.4711707804107666,0.5472395531463623,0.6369868350982666,0.6759486933517456,0.7285906842422485,0.764506939163208,0.7664593466949463,0.8005778013992308,0.8283912395858766,0.828143858833313,0.8356004205322265,0.8281958713912964,0.834749076576233
-0.5584354255676269,-0.49905811290740965,-0.49043137880961096,-0.3927511688232422,-0.36143835762023924,-0.2773785093307494,-0.2929693383080619,-0.2898207651138305,-0.24503782109154593,-0.2747180025100708,-0.1884550236095081,-0.2065962710062662,-0.21832968487372761,-0.20436134414672852,-0.17770938143412268,-0.16955204277038566,-0.14995797159531538,-0.13242888223859994,-0.06774963914971599,-0.08725968940734863,-0.032158211135864145,0.016954874191284275,0.046392918663024904,0.041205918045044046,0.061243676795959476,0.07054834098815918,0.036291694335937597,0.0640279637145997,0.09669108890533457,0.0881481003189087,0.049016668395996096,0.04593638320922842,0.11069085559844971,0.12403096187591542,0.11970941120147695,0.1251168051147461,0.09095591789245595,0.06890947372436523,0.08393041316986084,0.1027495655822754,0.071840075340271,0.050219621887207036,0.020684076004028322,-0.013958399200439356,-0.015858393020629885,-0.015317213783264158,-0.04489672039031982,-0.046387102699279786,-0.0711191822052002,-0.064548249168396
1.1446447872161865,1.1576864353179932,1.1296918758392334,1.1947184616088866,1.1951706215667726,1.2409443048477173,1.2193503390720914,1.2360654426574706,1.2432429766337076,1.2186701985931396,1.3118500507007946,1.2840202983856202,1.2804878066723164,1.2786227824347363,1.2416503298187256,1.1893506214141845,1.1772255027995389,1.1500110598458184,1.1597757965589826,1.1059661644744874,1.1062551289367675,1.056879977684021,1.032821469116211,0.9837660821533203,0.9439977195739746,0.9186037230682371,0.8331858263397216,0.8160332801055908,0.8141141622543335,0.7409634256362916,0.6484826559448242,0.5752742385864258,0.6074058951568604,0.5991545057678223,0.5844057805633545,0.6044891481781006,0.5878808962249755,0.6035596746063232,0.6318008275604248,0.6949957015228272,0.6840158484649658,0.7052471324157714,0.7311106985092163,0.7091449822235107,0.7510280603027344,0.7905018237304687,0.8094474624633788,0.8405379075622559,0.8689936168670653,0.8963460682678223
0.6208932445526123,0.6243088052749634,0.5870862091064453,0.6517843936920166,0.656761893196106,0.7086618235270182,0.6809781877245221,0.6780876152038574,0.6790813252131145,0.6301292036437989,0.6967232188484885,0.6505413464864095,0.6213926912161021,0.6055715505599976,0.5992239719645183,0.5651277267456055,0.5552121647105497,0.5326736737569173,0.5555686982907747,0.4997596408081055,0.4920859958648682,0.45506218391418446,0.42499760105133055,0.3670324662017822,0.3242687163543701,0.290177745513916,0.20493200660705566,0.19181492527008057,0.19814787578582763,0.15226920097351074,0.09023332862854004,0.07609148200988769,0.13959122066497792,0.1548849891281128,0.14950836250305174,0.1683956053161621,0.15279412200927733,0.16880454544067383,0.20853054428100576,0.2766128252029419,0.2779821909713745,0.30673918422698976,0.34105700660705557,0.3386821306610107,0.39669909141540527,0.4527444248962402,0.48409401935577395,0.5251680239486695,0.5640623490905761,0.6138965580749511
